"season","driver","car","track","direction","grand_prix","date","position","player_name","player_time","points","screenshot_link"
"2021_gp1","mike","eagle","marina","normal","tour",2021-02-07,1,"rpodcast","02:56:499",12,"https://raw.githubusercontent.com/rpodcast/hotshots.pinboard/master/2021_gp1-2021-02-07-tour-marina-normal/2021_gp1-2021-02-07-tour-marina-normal.png"
"2021_gp1","mike","eagle","marina","normal","tour",2021-02-07,2,"TwoD","02:59:393",11,"https://raw.githubusercontent.com/rpodcast/hotshots.pinboard/master/2021_gp1-2021-02-07-tour-marina-normal/2021_gp1-2021-02-07-tour-marina-normal.png"
"2021_gp1","mike","eagle","marina","normal","tour",2021-02-07,3,"FrenchguyCH","03:01:880",10,"https://raw.githubusercontent.com/rpodcast/hotshots.pinboard/master/2021_gp1-2021-02-07-tour-marina-normal/2021_gp1-2021-02-07-tour-marina-normal.png"
"2021_gp1","mike","eagle","marina","normal","tour",2021-02-07,4,"bigcalm","03:04:590",9,"https://raw.githubusercontent.com/rpodcast/hotshots.pinboard/master/2021_gp1-2021-02-07-tour-marina-normal/2021_gp1-2021-02-07-tour-marina-normal.png"
"2021_gp1","mike","eagle","marina","normal","tour",2021-02-07,5,"TheUnwiseGeek","03:05:533",8,"https://raw.githubusercontent.com/rpodcast/hotshots.pinboard/master/2021_gp1-2021-02-07-tour-marina-normal/2021_gp1-2021-02-07-tour-marina-normal.png"
"2021_gp1","mike","eagle","marina","normal","tour",2021-02-07,6,"Wimpy","03:11:675",7,"https://raw.githubusercontent.com/rpodcast/hotshots.pinboard/master/2021_gp1-2021-02-07-tour-marina-normal/2021_gp1-2021-02-07-tour-marina-normal.png"
"2021_gp1","mike","eagle","marina","normal","tour",2021-02-07,7,"madhens","DNF",0,"https://raw.githubusercontent.com/rpodcast/hotshots.pinboard/master/2021_gp1-2021-02-07-tour-marina-normal/2021_gp1-2021-02-07-tour-marina-normal.png"
"2021_gp1","aston","shadow","area_41","normal","tour",2021-02-07,1,"rpodcast","02:17:349",12,"https://raw.githubusercontent.com/rpodcast/hotshots.pinboard/master/2021_gp1-2021-02-07-tour-area_41-normal/2021_gp1-2021-02-07-tour-area_41-normal.png"
"2021_gp1","aston","shadow","area_41","normal","tour",2021-02-07,2,"FrenchguyCH","02:18:280",11,"https://raw.githubusercontent.com/rpodcast/hotshots.pinboard/master/2021_gp1-2021-02-07-tour-area_41-normal/2021_gp1-2021-02-07-tour-area_41-normal.png"
"2021_gp1","aston","shadow","area_41","normal","tour",2021-02-07,3,"TwoD","02:19:011",10,"https://raw.githubusercontent.com/rpodcast/hotshots.pinboard/master/2021_gp1-2021-02-07-tour-area_41-normal/2021_gp1-2021-02-07-tour-area_41-normal.png"
"2021_gp1","aston","shadow","area_41","normal","tour",2021-02-07,4,"TheUnwiseGeek","02:25:633",9,"https://raw.githubusercontent.com/rpodcast/hotshots.pinboard/master/2021_gp1-2021-02-07-tour-area_41-normal/2021_gp1-2021-02-07-tour-area_41-normal.png"
"2021_gp1","aston","shadow","area_41","normal","tour",2021-02-07,5,"Wimpy","02:33:257",8,"https://raw.githubusercontent.com/rpodcast/hotshots.pinboard/master/2021_gp1-2021-02-07-tour-area_41-normal/2021_gp1-2021-02-07-tour-area_41-normal.png"
"2021_gp1","aston","shadow","area_41","normal","tour",2021-02-07,6,"bigcalm","02:33:388",7,"https://raw.githubusercontent.com/rpodcast/hotshots.pinboard/master/2021_gp1-2021-02-07-tour-area_41-normal/2021_gp1-2021-02-07-tour-area_41-normal.png"
"2021_gp1","aston","shadow","area_41","normal","tour",2021-02-07,7,"madhens","DNF",0,"https://raw.githubusercontent.com/rpodcast/hotshots.pinboard/master/2021_gp1-2021-02-07-tour-area_41-normal/2021_gp1-2021-02-07-tour-area_41-normal.png"
"2021_gp1","viktor","t-66_super","temple_drive","normal","tour",2021-02-07,1,"rpodcast","03:13:682",12,"https://raw.githubusercontent.com/rpodcast/hotshots.pinboard/master/2021_gp1-2021-02-07-tour-temple_drive-normal/2021_gp1-2021-02-07-tour-temple_drive-normal.png"
"2021_gp1","viktor","t-66_super","temple_drive","normal","tour",2021-02-07,2,"Wimpy","03:14:115",11,"https://raw.githubusercontent.com/rpodcast/hotshots.pinboard/master/2021_gp1-2021-02-07-tour-temple_drive-normal/2021_gp1-2021-02-07-tour-temple_drive-normal.png"
"2021_gp1","viktor","t-66_super","temple_drive","normal","tour",2021-02-07,3,"FrenchguyCH","03:14:329",10,"https://raw.githubusercontent.com/rpodcast/hotshots.pinboard/master/2021_gp1-2021-02-07-tour-temple_drive-normal/2021_gp1-2021-02-07-tour-temple_drive-normal.png"
"2021_gp1","viktor","t-66_super","temple_drive","normal","tour",2021-02-07,4,"bigcalm","03:14:472",9,"https://raw.githubusercontent.com/rpodcast/hotshots.pinboard/master/2021_gp1-2021-02-07-tour-temple_drive-normal/2021_gp1-2021-02-07-tour-temple_drive-normal.png"
"2021_gp1","viktor","t-66_super","temple_drive","normal","tour",2021-02-07,5,"TwoD","03:16:940",8,"https://raw.githubusercontent.com/rpodcast/hotshots.pinboard/master/2021_gp1-2021-02-07-tour-temple_drive-normal/2021_gp1-2021-02-07-tour-temple_drive-normal.png"
"2021_gp1","viktor","t-66_super","temple_drive","normal","tour",2021-02-07,6,"madhens","03:17:478",7,"https://raw.githubusercontent.com/rpodcast/hotshots.pinboard/master/2021_gp1-2021-02-07-tour-temple_drive-normal/2021_gp1-2021-02-07-tour-temple_drive-normal.png"
"2021_gp1","viktor","t-66_super","temple_drive","normal","tour",2021-02-07,7,"TheUnwiseGeek","03:18:166",6,"https://raw.githubusercontent.com/rpodcast/hotshots.pinboard/master/2021_gp1-2021-02-07-tour-temple_drive-normal/2021_gp1-2021-02-07-tour-temple_drive-normal.png"
"2021_gp1","marcus","rosso","castle_funfair","normal","tour",2021-02-07,1,"TheUnwiseGeek","02:15:166",12,"https://raw.githubusercontent.com/rpodcast/hotshots.pinboard/master/2021_gp1-2021-02-07-tour-castle_funfair-normal/2021_gp1-2021-02-07-tour-castle_funfair-normal.png"
"2021_gp1","marcus","rosso","castle_funfair","normal","tour",2021-02-07,2,"Wimpy","02:15:624",11,"https://raw.githubusercontent.com/rpodcast/hotshots.pinboard/master/2021_gp1-2021-02-07-tour-castle_funfair-normal/2021_gp1-2021-02-07-tour-castle_funfair-normal.png"
"2021_gp1","marcus","rosso","castle_funfair","normal","tour",2021-02-07,3,"FrenchguyCH","02:16:014",10,"https://raw.githubusercontent.com/rpodcast/hotshots.pinboard/master/2021_gp1-2021-02-07-tour-castle_funfair-normal/2021_gp1-2021-02-07-tour-castle_funfair-normal.png"
"2021_gp1","marcus","rosso","castle_funfair","normal","tour",2021-02-07,4,"madhens","02:16:390",9,"https://raw.githubusercontent.com/rpodcast/hotshots.pinboard/master/2021_gp1-2021-02-07-tour-castle_funfair-normal/2021_gp1-2021-02-07-tour-castle_funfair-normal.png"
"2021_gp1","marcus","rosso","castle_funfair","normal","tour",2021-02-07,5,"rpodcast","02:16:432",8,"https://raw.githubusercontent.com/rpodcast/hotshots.pinboard/master/2021_gp1-2021-02-07-tour-castle_funfair-normal/2021_gp1-2021-02-07-tour-castle_funfair-normal.png"
"2021_gp1","marcus","rosso","castle_funfair","normal","tour",2021-02-07,6,"TwoD","02:20:679",7,"https://raw.githubusercontent.com/rpodcast/hotshots.pinboard/master/2021_gp1-2021-02-07-tour-castle_funfair-normal/2021_gp1-2021-02-07-tour-castle_funfair-normal.png"
"2021_gp1","marcus","rosso","castle_funfair","normal","tour",2021-02-07,7,"bigcalm","02:21:453",6,"https://raw.githubusercontent.com/rpodcast/hotshots.pinboard/master/2021_gp1-2021-02-07-tour-castle_funfair-normal/2021_gp1-2021-02-07-tour-castle_funfair-normal.png"
"2021_gp1","alexa","diamond_back","marina","mirrored","tour",2021-02-07,1,"FrenchguyCH","02:59:065",12,"https://raw.githubusercontent.com/rpodcast/hotshots.pinboard/master/2021_gp1-2021-02-07-tour-marina-mirrored/2021_gp1-2021-02-07-tour-marina-mirrored.png"
"2021_gp1","alexa","diamond_back","marina","mirrored","tour",2021-02-07,2,"Wimpy","03:00:647",11,"https://raw.githubusercontent.com/rpodcast/hotshots.pinboard/master/2021_gp1-2021-02-07-tour-marina-mirrored/2021_gp1-2021-02-07-tour-marina-mirrored.png"
"2021_gp1","alexa","diamond_back","marina","mirrored","tour",2021-02-07,3,"rpodcast","03:00:782",10,"https://raw.githubusercontent.com/rpodcast/hotshots.pinboard/master/2021_gp1-2021-02-07-tour-marina-mirrored/2021_gp1-2021-02-07-tour-marina-mirrored.png"
"2021_gp1","alexa","diamond_back","marina","mirrored","tour",2021-02-07,4,"bigcalm","03:02:255",9,"https://raw.githubusercontent.com/rpodcast/hotshots.pinboard/master/2021_gp1-2021-02-07-tour-marina-mirrored/2021_gp1-2021-02-07-tour-marina-mirrored.png"
"2021_gp1","alexa","diamond_back","marina","mirrored","tour",2021-02-07,5,"TheUnwiseGeek","03:04:067",8,"https://raw.githubusercontent.com/rpodcast/hotshots.pinboard/master/2021_gp1-2021-02-07-tour-marina-mirrored/2021_gp1-2021-02-07-tour-marina-mirrored.png"
"2021_gp1","alexa","diamond_back","marina","mirrored","tour",2021-02-07,6,"TwoD","03:04:214",7,"https://raw.githubusercontent.com/rpodcast/hotshots.pinboard/master/2021_gp1-2021-02-07-tour-marina-mirrored/2021_gp1-2021-02-07-tour-marina-mirrored.png"
"2021_gp1","alexa","diamond_back","marina","mirrored","tour",2021-02-07,7,"madhens","DNF",0,"https://raw.githubusercontent.com/rpodcast/hotshots.pinboard/master/2021_gp1-2021-02-07-tour-marina-mirrored/2021_gp1-2021-02-07-tour-marina-mirrored.png"
"2021_gp1","marcus","vector","area_41","mirrored","tour",2021-02-07,1,"Wimpy","02:20:103",12,"https://raw.githubusercontent.com/rpodcast/hotshots.pinboard/master/2021_gp1-2021-02-07-tour-area_41-mirrored/2021_gp1-2021-02-07-tour-area_41-mirrored.png"
"2021_gp1","marcus","vector","area_41","mirrored","tour",2021-02-07,2,"bigcalm","02:20:153",11,"https://raw.githubusercontent.com/rpodcast/hotshots.pinboard/master/2021_gp1-2021-02-07-tour-area_41-mirrored/2021_gp1-2021-02-07-tour-area_41-mirrored.png"
"2021_gp1","marcus","vector","area_41","mirrored","tour",2021-02-07,3,"TwoD","02:20:563",10,"https://raw.githubusercontent.com/rpodcast/hotshots.pinboard/master/2021_gp1-2021-02-07-tour-area_41-mirrored/2021_gp1-2021-02-07-tour-area_41-mirrored.png"
"2021_gp1","marcus","vector","area_41","mirrored","tour",2021-02-07,4,"TheUnwiseGeek","02:20:583",9,"https://raw.githubusercontent.com/rpodcast/hotshots.pinboard/master/2021_gp1-2021-02-07-tour-area_41-mirrored/2021_gp1-2021-02-07-tour-area_41-mirrored.png"
"2021_gp1","marcus","vector","area_41","mirrored","tour",2021-02-07,5,"rpodcast","02:21:148",8,"https://raw.githubusercontent.com/rpodcast/hotshots.pinboard/master/2021_gp1-2021-02-07-tour-area_41-mirrored/2021_gp1-2021-02-07-tour-area_41-mirrored.png"
"2021_gp1","marcus","vector","area_41","mirrored","tour",2021-02-07,6,"FrenchguyCH","02:22:080",7,"https://raw.githubusercontent.com/rpodcast/hotshots.pinboard/master/2021_gp1-2021-02-07-tour-area_41-mirrored/2021_gp1-2021-02-07-tour-area_41-mirrored.png"
"2021_gp1","marcus","vector","area_41","mirrored","tour",2021-02-07,7,"madhens","02:26:473",6,"https://raw.githubusercontent.com/rpodcast/hotshots.pinboard/master/2021_gp1-2021-02-07-tour-area_41-mirrored/2021_gp1-2021-02-07-tour-area_41-mirrored.png"
"2021_gp1","mike","bullet","temple_drive","mirrored","tour",2021-02-07,1,"FrenchguyCH","03:13:233",12,"https://raw.githubusercontent.com/rpodcast/hotshots.pinboard/master/2021_gp1-2021-02-07-tour-temple_drive-mirrored/2021_gp1-2021-02-07-tour-temple_drive-mirrored.png"
"2021_gp1","mike","bullet","temple_drive","mirrored","tour",2021-02-07,2,"rpodcast","03:13:915",11,"https://raw.githubusercontent.com/rpodcast/hotshots.pinboard/master/2021_gp1-2021-02-07-tour-temple_drive-mirrored/2021_gp1-2021-02-07-tour-temple_drive-mirrored.png"
"2021_gp1","mike","bullet","temple_drive","mirrored","tour",2021-02-07,3,"TwoD","03:14:221",10,"https://raw.githubusercontent.com/rpodcast/hotshots.pinboard/master/2021_gp1-2021-02-07-tour-temple_drive-mirrored/2021_gp1-2021-02-07-tour-temple_drive-mirrored.png"
"2021_gp1","mike","bullet","temple_drive","mirrored","tour",2021-02-07,4,"bigcalm","03:14:373",9,"https://raw.githubusercontent.com/rpodcast/hotshots.pinboard/master/2021_gp1-2021-02-07-tour-temple_drive-mirrored/2021_gp1-2021-02-07-tour-temple_drive-mirrored.png"
"2021_gp1","mike","bullet","temple_drive","mirrored","tour",2021-02-07,5,"TheUnwiseGeek","03:14:500",8,"https://raw.githubusercontent.com/rpodcast/hotshots.pinboard/master/2021_gp1-2021-02-07-tour-temple_drive-mirrored/2021_gp1-2021-02-07-tour-temple_drive-mirrored.png"
"2021_gp1","mike","bullet","temple_drive","mirrored","tour",2021-02-07,6,"Wimpy","03:23:688",7,"https://raw.githubusercontent.com/rpodcast/hotshots.pinboard/master/2021_gp1-2021-02-07-tour-temple_drive-mirrored/2021_gp1-2021-02-07-tour-temple_drive-mirrored.png"
"2021_gp1","mike","bullet","temple_drive","mirrored","tour",2021-02-07,7,"madhens","DNF",0,"https://raw.githubusercontent.com/rpodcast/hotshots.pinboard/master/2021_gp1-2021-02-07-tour-temple_drive-mirrored/2021_gp1-2021-02-07-tour-temple_drive-mirrored.png"
"2021_gp1","keiko","eight_rock","castle_funfair","mirrored","tour",2021-02-07,1,"TwoD","02:16:992",12,"https://raw.githubusercontent.com/rpodcast/hotshots.pinboard/master/2021_gp1-2021-02-07-tour-castle_funfair-mirrored/2021_gp1-2021-02-07-tour-castle_funfair-mirrored.png"
"2021_gp1","keiko","eight_rock","castle_funfair","mirrored","tour",2021-02-07,2,"bigcalm","02:17:138",11,"https://raw.githubusercontent.com/rpodcast/hotshots.pinboard/master/2021_gp1-2021-02-07-tour-castle_funfair-mirrored/2021_gp1-2021-02-07-tour-castle_funfair-mirrored.png"
"2021_gp1","keiko","eight_rock","castle_funfair","mirrored","tour",2021-02-07,3,"TheUnwiseGeek","02:17:416",10,"https://raw.githubusercontent.com/rpodcast/hotshots.pinboard/master/2021_gp1-2021-02-07-tour-castle_funfair-mirrored/2021_gp1-2021-02-07-tour-castle_funfair-mirrored.png"
"2021_gp1","keiko","eight_rock","castle_funfair","mirrored","tour",2021-02-07,4,"Wimpy","02:17:506",9,"https://raw.githubusercontent.com/rpodcast/hotshots.pinboard/master/2021_gp1-2021-02-07-tour-castle_funfair-mirrored/2021_gp1-2021-02-07-tour-castle_funfair-mirrored.png"
"2021_gp1","keiko","eight_rock","castle_funfair","mirrored","tour",2021-02-07,5,"rpodcast","02:19:799",8,"https://raw.githubusercontent.com/rpodcast/hotshots.pinboard/master/2021_gp1-2021-02-07-tour-castle_funfair-mirrored/2021_gp1-2021-02-07-tour-castle_funfair-mirrored.png"
"2021_gp1","keiko","eight_rock","castle_funfair","mirrored","tour",2021-02-07,6,"FrenchguyCH","02:22:915",7,"https://raw.githubusercontent.com/rpodcast/hotshots.pinboard/master/2021_gp1-2021-02-07-tour-castle_funfair-mirrored/2021_gp1-2021-02-07-tour-castle_funfair-mirrored.png"
"2021_gp1","keiko","eight_rock","castle_funfair","mirrored","tour",2021-02-07,7,"madhens","DNF",0,"https://raw.githubusercontent.com/rpodcast/hotshots.pinboard/master/2021_gp1-2021-02-07-tour-castle_funfair-mirrored/2021_gp1-2021-02-07-tour-castle_funfair-mirrored.png"
"2021_gp1","xing","blaze","boneyard","normal","pro_circuit",2021-02-14,1,"popey","02:30:699",12,"https://raw.githubusercontent.com/rpodcast/hotshots.pinboard/master/2021_gp1-2021-02-14-pro_circuit-boneyard-normal/2021_gp1-2021-02-14-pro_circuit-boneyard-normal.png"
"2021_gp1","xing","blaze","boneyard","normal","pro_circuit",2021-02-14,2,"rpodcast","02:31:016",11,"https://raw.githubusercontent.com/rpodcast/hotshots.pinboard/master/2021_gp1-2021-02-14-pro_circuit-boneyard-normal/2021_gp1-2021-02-14-pro_circuit-boneyard-normal.png"
"2021_gp1","xing","blaze","boneyard","normal","pro_circuit",2021-02-14,3,"Wimpy","02:31:140",10,"https://raw.githubusercontent.com/rpodcast/hotshots.pinboard/master/2021_gp1-2021-02-14-pro_circuit-boneyard-normal/2021_gp1-2021-02-14-pro_circuit-boneyard-normal.png"
"2021_gp1","xing","blaze","boneyard","normal","pro_circuit",2021-02-14,4,"FrenchguyCH","02:31:407",9,"https://raw.githubusercontent.com/rpodcast/hotshots.pinboard/master/2021_gp1-2021-02-14-pro_circuit-boneyard-normal/2021_gp1-2021-02-14-pro_circuit-boneyard-normal.png"
"2021_gp1","xing","blaze","boneyard","normal","pro_circuit",2021-02-14,5,"TheUnwiseGeek","02:32:399",8,"https://raw.githubusercontent.com/rpodcast/hotshots.pinboard/master/2021_gp1-2021-02-14-pro_circuit-boneyard-normal/2021_gp1-2021-02-14-pro_circuit-boneyard-normal.png"
"2021_gp1","xing","blaze","boneyard","normal","pro_circuit",2021-02-14,6,"bigcalm","02:32:587",7,"https://raw.githubusercontent.com/rpodcast/hotshots.pinboard/master/2021_gp1-2021-02-14-pro_circuit-boneyard-normal/2021_gp1-2021-02-14-pro_circuit-boneyard-normal.png"
"2021_gp1","xing","blaze","boneyard","normal","pro_circuit",2021-02-14,7,"TwoD","02:44:798",6,"https://raw.githubusercontent.com/rpodcast/hotshots.pinboard/master/2021_gp1-2021-02-14-pro_circuit-boneyard-normal/2021_gp1-2021-02-14-pro_circuit-boneyard-normal.png"
"2021_gp1","xing","blaze","boneyard","normal","pro_circuit",2021-02-14,8,"madhens","DNF",0,"https://raw.githubusercontent.com/rpodcast/hotshots.pinboard/master/2021_gp1-2021-02-14-pro_circuit-boneyard-normal/2021_gp1-2021-02-14-pro_circuit-boneyard-normal.png"
"2021_gp1","xing","blaze","fossil_cave","normal","pro_circuit",2021-02-14,1,"Wimpy","02:51:657",12,"https://raw.githubusercontent.com/rpodcast/hotshots.pinboard/master/2021_gp1-2021-02-14-pro_circuit-fossil_cave-normal/2021_gp1-2021-02-14-pro_circuit-fossil_cave-normal.png"
"2021_gp1","xing","blaze","fossil_cave","normal","pro_circuit",2021-02-14,2,"rpodcast","02:52:415",11,"https://raw.githubusercontent.com/rpodcast/hotshots.pinboard/master/2021_gp1-2021-02-14-pro_circuit-fossil_cave-normal/2021_gp1-2021-02-14-pro_circuit-fossil_cave-normal.png"
"2021_gp1","xing","blaze","fossil_cave","normal","pro_circuit",2021-02-14,3,"TheUnwiseGeek","02:52:566",10,"https://raw.githubusercontent.com/rpodcast/hotshots.pinboard/master/2021_gp1-2021-02-14-pro_circuit-fossil_cave-normal/2021_gp1-2021-02-14-pro_circuit-fossil_cave-normal.png"
"2021_gp1","xing","blaze","fossil_cave","normal","pro_circuit",2021-02-14,4,"FrenchguyCH","02:52:725",9,"https://raw.githubusercontent.com/rpodcast/hotshots.pinboard/master/2021_gp1-2021-02-14-pro_circuit-fossil_cave-normal/2021_gp1-2021-02-14-pro_circuit-fossil_cave-normal.png"
"2021_gp1","xing","blaze","fossil_cave","normal","pro_circuit",2021-02-14,5,"madhens","02:55:491",8,"https://raw.githubusercontent.com/rpodcast/hotshots.pinboard/master/2021_gp1-2021-02-14-pro_circuit-fossil_cave-normal/2021_gp1-2021-02-14-pro_circuit-fossil_cave-normal.png"
"2021_gp1","xing","blaze","fossil_cave","normal","pro_circuit",2021-02-14,6,"popey","02:55:950",7,"https://raw.githubusercontent.com/rpodcast/hotshots.pinboard/master/2021_gp1-2021-02-14-pro_circuit-fossil_cave-normal/2021_gp1-2021-02-14-pro_circuit-fossil_cave-normal.png"
"2021_gp1","xing","blaze","fossil_cave","normal","pro_circuit",2021-02-14,7,"bigcalm","02:58:053",6,"https://raw.githubusercontent.com/rpodcast/hotshots.pinboard/master/2021_gp1-2021-02-14-pro_circuit-fossil_cave-normal/2021_gp1-2021-02-14-pro_circuit-fossil_cave-normal.png"
"2021_gp1","xing","blaze","fossil_cave","normal","pro_circuit",2021-02-14,8,"TwoD","03:00:695",5,"https://raw.githubusercontent.com/rpodcast/hotshots.pinboard/master/2021_gp1-2021-02-14-pro_circuit-fossil_cave-normal/2021_gp1-2021-02-14-pro_circuit-fossil_cave-normal.png"
"2021_gp1","xing","blaze","ocean_world","normal","pro_circuit",2021-02-14,1,"rpodcast","02:53:248",12,"https://raw.githubusercontent.com/rpodcast/hotshots.pinboard/master/2021_gp1-2021-02-14-pro_circuit-ocean_world-normal/2021_gp1-2021-02-14-pro_circuit-ocean_world-normal.png"
"2021_gp1","xing","blaze","ocean_world","normal","pro_circuit",2021-02-14,2,"Wimpy","02:53:348",11,"https://raw.githubusercontent.com/rpodcast/hotshots.pinboard/master/2021_gp1-2021-02-14-pro_circuit-ocean_world-normal/2021_gp1-2021-02-14-pro_circuit-ocean_world-normal.png"
"2021_gp1","xing","blaze","ocean_world","normal","pro_circuit",2021-02-14,3,"bigcalm","02:53:478",10,"https://raw.githubusercontent.com/rpodcast/hotshots.pinboard/master/2021_gp1-2021-02-14-pro_circuit-ocean_world-normal/2021_gp1-2021-02-14-pro_circuit-ocean_world-normal.png"
"2021_gp1","xing","blaze","ocean_world","normal","pro_circuit",2021-02-14,4,"popey","02:53:533",9,"https://raw.githubusercontent.com/rpodcast/hotshots.pinboard/master/2021_gp1-2021-02-14-pro_circuit-ocean_world-normal/2021_gp1-2021-02-14-pro_circuit-ocean_world-normal.png"
"2021_gp1","xing","blaze","ocean_world","normal","pro_circuit",2021-02-14,5,"FrenchguyCH","02:53:705",8,"https://raw.githubusercontent.com/rpodcast/hotshots.pinboard/master/2021_gp1-2021-02-14-pro_circuit-ocean_world-normal/2021_gp1-2021-02-14-pro_circuit-ocean_world-normal.png"
"2021_gp1","xing","blaze","ocean_world","normal","pro_circuit",2021-02-14,6,"TheUnwiseGeek","02:53:883",7,"https://raw.githubusercontent.com/rpodcast/hotshots.pinboard/master/2021_gp1-2021-02-14-pro_circuit-ocean_world-normal/2021_gp1-2021-02-14-pro_circuit-ocean_world-normal.png"
"2021_gp1","xing","blaze","ocean_world","normal","pro_circuit",2021-02-14,7,"TwoD","02:57:125",6,"https://raw.githubusercontent.com/rpodcast/hotshots.pinboard/master/2021_gp1-2021-02-14-pro_circuit-ocean_world-normal/2021_gp1-2021-02-14-pro_circuit-ocean_world-normal.png"
"2021_gp1","xing","blaze","ocean_world","normal","pro_circuit",2021-02-14,8,"madhens","03:07:743",5,"https://raw.githubusercontent.com/rpodcast/hotshots.pinboard/master/2021_gp1-2021-02-14-pro_circuit-ocean_world-normal/2021_gp1-2021-02-14-pro_circuit-ocean_world-normal.png"
"2021_gp1","xing","blaze","royal_roadway","normal","pro_circuit",2021-02-14,1,"rpodcast","03:05:015",12,"https://raw.githubusercontent.com/rpodcast/hotshots.pinboard/master/2021_gp1-2021-02-14-pro_circuit-royal_roadway-normal/2021_gp1-2021-02-14-pro_circuit-royal_roadway-normal.png"
"2021_gp1","xing","blaze","royal_roadway","normal","pro_circuit",2021-02-14,2,"Wimpy","03:05:102",11,"https://raw.githubusercontent.com/rpodcast/hotshots.pinboard/master/2021_gp1-2021-02-14-pro_circuit-royal_roadway-normal/2021_gp1-2021-02-14-pro_circuit-royal_roadway-normal.png"
"2021_gp1","xing","blaze","royal_roadway","normal","pro_circuit",2021-02-14,3,"FrenchguyCH","03:05:254",10,"https://raw.githubusercontent.com/rpodcast/hotshots.pinboard/master/2021_gp1-2021-02-14-pro_circuit-royal_roadway-normal/2021_gp1-2021-02-14-pro_circuit-royal_roadway-normal.png"
"2021_gp1","xing","blaze","royal_roadway","normal","pro_circuit",2021-02-14,4,"bigcalm","03:05:514",9,"https://raw.githubusercontent.com/rpodcast/hotshots.pinboard/master/2021_gp1-2021-02-14-pro_circuit-royal_roadway-normal/2021_gp1-2021-02-14-pro_circuit-royal_roadway-normal.png"
"2021_gp1","xing","blaze","royal_roadway","normal","pro_circuit",2021-02-14,5,"popey","03:05:917",8,"https://raw.githubusercontent.com/rpodcast/hotshots.pinboard/master/2021_gp1-2021-02-14-pro_circuit-royal_roadway-normal/2021_gp1-2021-02-14-pro_circuit-royal_roadway-normal.png"
"2021_gp1","xing","blaze","royal_roadway","normal","pro_circuit",2021-02-14,6,"TwoD","03:08:534",7,"https://raw.githubusercontent.com/rpodcast/hotshots.pinboard/master/2021_gp1-2021-02-14-pro_circuit-royal_roadway-normal/2021_gp1-2021-02-14-pro_circuit-royal_roadway-normal.png"
"2021_gp1","xing","blaze","royal_roadway","normal","pro_circuit",2021-02-14,7,"TheUnwiseGeek","03:15:100",6,"https://raw.githubusercontent.com/rpodcast/hotshots.pinboard/master/2021_gp1-2021-02-14-pro_circuit-royal_roadway-normal/2021_gp1-2021-02-14-pro_circuit-royal_roadway-normal.png"
"2021_gp1","xing","blaze","royal_roadway","normal","pro_circuit",2021-02-14,8,"madhens","DNF",0,"https://raw.githubusercontent.com/rpodcast/hotshots.pinboard/master/2021_gp1-2021-02-14-pro_circuit-royal_roadway-normal/2021_gp1-2021-02-14-pro_circuit-royal_roadway-normal.png"
"2021_gp1","mike","bullet","boneyard","mirrored","pro_circuit",2021-02-14,1,"FrenchguyCH","02:32:615",12,"https://raw.githubusercontent.com/rpodcast/hotshots.pinboard/master/2021_gp1-2021-02-14-pro_circuit-boneyard-mirrored/2021_gp1-2021-02-14-pro_circuit-boneyard-mirrored.png"
"2021_gp1","mike","bullet","boneyard","mirrored","pro_circuit",2021-02-14,2,"bigcalm","02:32:671",11,"https://raw.githubusercontent.com/rpodcast/hotshots.pinboard/master/2021_gp1-2021-02-14-pro_circuit-boneyard-mirrored/2021_gp1-2021-02-14-pro_circuit-boneyard-mirrored.png"
"2021_gp1","mike","bullet","boneyard","mirrored","pro_circuit",2021-02-14,3,"Wimpy","02:32:923",10,"https://raw.githubusercontent.com/rpodcast/hotshots.pinboard/master/2021_gp1-2021-02-14-pro_circuit-boneyard-mirrored/2021_gp1-2021-02-14-pro_circuit-boneyard-mirrored.png"
"2021_gp1","mike","bullet","boneyard","mirrored","pro_circuit",2021-02-14,4,"TheUnwiseGeek","02:33:166",9,"https://raw.githubusercontent.com/rpodcast/hotshots.pinboard/master/2021_gp1-2021-02-14-pro_circuit-boneyard-mirrored/2021_gp1-2021-02-14-pro_circuit-boneyard-mirrored.png"
"2021_gp1","mike","bullet","boneyard","mirrored","pro_circuit",2021-02-14,5,"rpodcast","02:33:750",8,"https://raw.githubusercontent.com/rpodcast/hotshots.pinboard/master/2021_gp1-2021-02-14-pro_circuit-boneyard-mirrored/2021_gp1-2021-02-14-pro_circuit-boneyard-mirrored.png"
"2021_gp1","mike","bullet","boneyard","mirrored","pro_circuit",2021-02-14,6,"popey","02:36:017",7,"https://raw.githubusercontent.com/rpodcast/hotshots.pinboard/master/2021_gp1-2021-02-14-pro_circuit-boneyard-mirrored/2021_gp1-2021-02-14-pro_circuit-boneyard-mirrored.png"
"2021_gp1","mike","bullet","boneyard","mirrored","pro_circuit",2021-02-14,7,"TwoD","02:39:142",6,"https://raw.githubusercontent.com/rpodcast/hotshots.pinboard/master/2021_gp1-2021-02-14-pro_circuit-boneyard-mirrored/2021_gp1-2021-02-14-pro_circuit-boneyard-mirrored.png"
"2021_gp1","mike","bullet","boneyard","mirrored","pro_circuit",2021-02-14,8,"madhens","DNF",0,"https://raw.githubusercontent.com/rpodcast/hotshots.pinboard/master/2021_gp1-2021-02-14-pro_circuit-boneyard-mirrored/2021_gp1-2021-02-14-pro_circuit-boneyard-mirrored.png"
"2021_gp1","mike","bullet","fossil_cave","mirrored","pro_circuit",2021-02-14,1,"Wimpy","02:51:779",12,"https://raw.githubusercontent.com/rpodcast/hotshots.pinboard/master/2021_gp1-2021-02-14-pro_circuit-fossil_cave-mirrored/2021_gp1-2021-02-14-pro_circuit-fossil_cave-mirrored.png"
"2021_gp1","mike","bullet","fossil_cave","mirrored","pro_circuit",2021-02-14,2,"rpodcast","02:52:316",11,"https://raw.githubusercontent.com/rpodcast/hotshots.pinboard/master/2021_gp1-2021-02-14-pro_circuit-fossil_cave-mirrored/2021_gp1-2021-02-14-pro_circuit-fossil_cave-mirrored.png"
"2021_gp1","mike","bullet","fossil_cave","mirrored","pro_circuit",2021-02-14,3,"FrenchguyCH","02:52:330",10,"https://raw.githubusercontent.com/rpodcast/hotshots.pinboard/master/2021_gp1-2021-02-14-pro_circuit-fossil_cave-mirrored/2021_gp1-2021-02-14-pro_circuit-fossil_cave-mirrored.png"
"2021_gp1","mike","bullet","fossil_cave","mirrored","pro_circuit",2021-02-14,4,"popey","02:52:567",9,"https://raw.githubusercontent.com/rpodcast/hotshots.pinboard/master/2021_gp1-2021-02-14-pro_circuit-fossil_cave-mirrored/2021_gp1-2021-02-14-pro_circuit-fossil_cave-mirrored.png"
"2021_gp1","mike","bullet","fossil_cave","mirrored","pro_circuit",2021-02-14,5,"TheUnwiseGeek","02:52:816",8,"https://raw.githubusercontent.com/rpodcast/hotshots.pinboard/master/2021_gp1-2021-02-14-pro_circuit-fossil_cave-mirrored/2021_gp1-2021-02-14-pro_circuit-fossil_cave-mirrored.png"
"2021_gp1","mike","bullet","fossil_cave","mirrored","pro_circuit",2021-02-14,6,"bigcalm","02:52:887",7,"https://raw.githubusercontent.com/rpodcast/hotshots.pinboard/master/2021_gp1-2021-02-14-pro_circuit-fossil_cave-mirrored/2021_gp1-2021-02-14-pro_circuit-fossil_cave-mirrored.png"
"2021_gp1","mike","bullet","fossil_cave","mirrored","pro_circuit",2021-02-14,7,"TwoD","02:54:255",6,"https://raw.githubusercontent.com/rpodcast/hotshots.pinboard/master/2021_gp1-2021-02-14-pro_circuit-fossil_cave-mirrored/2021_gp1-2021-02-14-pro_circuit-fossil_cave-mirrored.png"
"2021_gp1","mike","bullet","fossil_cave","mirrored","pro_circuit",2021-02-14,8,"madhens","03:06:393",5,"https://raw.githubusercontent.com/rpodcast/hotshots.pinboard/master/2021_gp1-2021-02-14-pro_circuit-fossil_cave-mirrored/2021_gp1-2021-02-14-pro_circuit-fossil_cave-mirrored.png"
"2021_gp1","mike","bullet","ocean_world","mirrored","pro_circuit",2021-02-14,1,"FrenchguyCH","02:48:230",12,"https://raw.githubusercontent.com/rpodcast/hotshots.pinboard/master/2021_gp1-2021-02-14-pro_circuit-ocean_world-mirrored/2021_gp1-2021-02-14-pro_circuit-ocean_world-mirrored.png"
"2021_gp1","mike","bullet","ocean_world","mirrored","pro_circuit",2021-02-14,2,"bigcalm","02:48:511",11,"https://raw.githubusercontent.com/rpodcast/hotshots.pinboard/master/2021_gp1-2021-02-14-pro_circuit-ocean_world-mirrored/2021_gp1-2021-02-14-pro_circuit-ocean_world-mirrored.png"
"2021_gp1","mike","bullet","ocean_world","mirrored","pro_circuit",2021-02-14,3,"TheUnwiseGeek","02:48:600",10,"https://raw.githubusercontent.com/rpodcast/hotshots.pinboard/master/2021_gp1-2021-02-14-pro_circuit-ocean_world-mirrored/2021_gp1-2021-02-14-pro_circuit-ocean_world-mirrored.png"
"2021_gp1","mike","bullet","ocean_world","mirrored","pro_circuit",2021-02-14,4,"TwoD","02:49:302",9,"https://raw.githubusercontent.com/rpodcast/hotshots.pinboard/master/2021_gp1-2021-02-14-pro_circuit-ocean_world-mirrored/2021_gp1-2021-02-14-pro_circuit-ocean_world-mirrored.png"
"2021_gp1","mike","bullet","ocean_world","mirrored","pro_circuit",2021-02-14,5,"Wimpy","02:49:315",8,"https://raw.githubusercontent.com/rpodcast/hotshots.pinboard/master/2021_gp1-2021-02-14-pro_circuit-ocean_world-mirrored/2021_gp1-2021-02-14-pro_circuit-ocean_world-mirrored.png"
"2021_gp1","mike","bullet","ocean_world","mirrored","pro_circuit",2021-02-14,6,"rpodcast"," 02:49:682",7,"https://raw.githubusercontent.com/rpodcast/hotshots.pinboard/master/2021_gp1-2021-02-14-pro_circuit-ocean_world-mirrored/2021_gp1-2021-02-14-pro_circuit-ocean_world-mirrored.png"
"2021_gp1","mike","bullet","ocean_world","mirrored","pro_circuit",2021-02-14,7,"popey","02:50:350",6,"https://raw.githubusercontent.com/rpodcast/hotshots.pinboard/master/2021_gp1-2021-02-14-pro_circuit-ocean_world-mirrored/2021_gp1-2021-02-14-pro_circuit-ocean_world-mirrored.png"
"2021_gp1","mike","bullet","ocean_world","mirrored","pro_circuit",2021-02-14,8,"madhens","DNF",0,"https://raw.githubusercontent.com/rpodcast/hotshots.pinboard/master/2021_gp1-2021-02-14-pro_circuit-ocean_world-mirrored/2021_gp1-2021-02-14-pro_circuit-ocean_world-mirrored.png"
"2021_gp1","mike","bullet","royal_roadway","mirrored","pro_circuit",2021-02-14,1,"FrenchguyCH","03:06:728",12,"https://raw.githubusercontent.com/rpodcast/hotshots.pinboard/master/2021_gp1-2021-02-14-pro_circuit-royal_roadway-mirrored/2021_gp1-2021-02-14-pro_circuit-royal_roadway-mirrored.png"
"2021_gp1","mike","bullet","royal_roadway","mirrored","pro_circuit",2021-02-14,2,"Wimpy","03:06:968",11,"https://raw.githubusercontent.com/rpodcast/hotshots.pinboard/master/2021_gp1-2021-02-14-pro_circuit-royal_roadway-mirrored/2021_gp1-2021-02-14-pro_circuit-royal_roadway-mirrored.png"
"2021_gp1","mike","bullet","royal_roadway","mirrored","pro_circuit",2021-02-14,3,"TwoD","03:08:284",10,"https://raw.githubusercontent.com/rpodcast/hotshots.pinboard/master/2021_gp1-2021-02-14-pro_circuit-royal_roadway-mirrored/2021_gp1-2021-02-14-pro_circuit-royal_roadway-mirrored.png"
"2021_gp1","mike","bullet","royal_roadway","mirrored","pro_circuit",2021-02-14,4,"rpodcast","03:08:365",9,"https://raw.githubusercontent.com/rpodcast/hotshots.pinboard/master/2021_gp1-2021-02-14-pro_circuit-royal_roadway-mirrored/2021_gp1-2021-02-14-pro_circuit-royal_roadway-mirrored.png"
"2021_gp1","mike","bullet","royal_roadway","mirrored","pro_circuit",2021-02-14,5,"bigcalm","03:08:678",8,"https://raw.githubusercontent.com/rpodcast/hotshots.pinboard/master/2021_gp1-2021-02-14-pro_circuit-royal_roadway-mirrored/2021_gp1-2021-02-14-pro_circuit-royal_roadway-mirrored.png"
"2021_gp1","mike","bullet","royal_roadway","mirrored","pro_circuit",2021-02-14,6,"popey","03:10:217",7,"https://raw.githubusercontent.com/rpodcast/hotshots.pinboard/master/2021_gp1-2021-02-14-pro_circuit-royal_roadway-mirrored/2021_gp1-2021-02-14-pro_circuit-royal_roadway-mirrored.png"
"2021_gp1","mike","bullet","royal_roadway","mirrored","pro_circuit",2021-02-14,7,"TheUnwiseGeek","03:20:250",6,"https://raw.githubusercontent.com/rpodcast/hotshots.pinboard/master/2021_gp1-2021-02-14-pro_circuit-royal_roadway-mirrored/2021_gp1-2021-02-14-pro_circuit-royal_roadway-mirrored.png"
"2021_gp1","mike","bullet","royal_roadway","mirrored","pro_circuit",2021-02-14,8,"madhens","DNF",0,"https://raw.githubusercontent.com/rpodcast/hotshots.pinboard/master/2021_gp1-2021-02-14-pro_circuit-royal_roadway-mirrored/2021_gp1-2021-02-14-pro_circuit-royal_roadway-mirrored.png"
"2021_gp1","toshiro","furious","dino_dash","normal","racing_elite",2021-02-21,1,"Wimpy","03:05:874",12,"https://raw.githubusercontent.com/rpodcast/hotshots.pinboard/master/2021_gp1-2021-02-21-racing_elite-dino_dash-normal/2021_gp1-2021-02-21-racing_elite-dino_dash-normal.png"
"2021_gp1","toshiro","furious","dino_dash","normal","racing_elite",2021-02-21,2,"TwoD","03:06:164",11,"https://raw.githubusercontent.com/rpodcast/hotshots.pinboard/master/2021_gp1-2021-02-21-racing_elite-dino_dash-normal/2021_gp1-2021-02-21-racing_elite-dino_dash-normal.png"
"2021_gp1","toshiro","furious","dino_dash","normal","racing_elite",2021-02-21,3,"bigcalm","03:06:402",10,"https://raw.githubusercontent.com/rpodcast/hotshots.pinboard/master/2021_gp1-2021-02-21-racing_elite-dino_dash-normal/2021_gp1-2021-02-21-racing_elite-dino_dash-normal.png"
"2021_gp1","toshiro","furious","dino_dash","normal","racing_elite",2021-02-21,4,"madhens","03:07:109",9,"https://raw.githubusercontent.com/rpodcast/hotshots.pinboard/master/2021_gp1-2021-02-21-racing_elite-dino_dash-normal/2021_gp1-2021-02-21-racing_elite-dino_dash-normal.png"
"2021_gp1","toshiro","furious","dino_dash","normal","racing_elite",2021-02-21,5,"FrenchguyCH","03:07:463",8,"https://raw.githubusercontent.com/rpodcast/hotshots.pinboard/master/2021_gp1-2021-02-21-racing_elite-dino_dash-normal/2021_gp1-2021-02-21-racing_elite-dino_dash-normal.png"
"2021_gp1","toshiro","furious","dino_dash","normal","racing_elite",2021-02-21,6,"rpodcast","03:12:633",7,"https://raw.githubusercontent.com/rpodcast/hotshots.pinboard/master/2021_gp1-2021-02-21-racing_elite-dino_dash-normal/2021_gp1-2021-02-21-racing_elite-dino_dash-normal.png"
"2021_gp1","toshiro","furious","dino_dash","normal","racing_elite",2021-02-21,7,"bigpod","03:20:084",6,"https://raw.githubusercontent.com/rpodcast/hotshots.pinboard/master/2021_gp1-2021-02-21-racing_elite-dino_dash-normal/2021_gp1-2021-02-21-racing_elite-dino_dash-normal.png"
"2021_gp1","toshiro","furious","heated_highway","normal","racing_elite",2021-02-21,1,"FrenchguyCH","02:27:921",12,"https://raw.githubusercontent.com/rpodcast/hotshots.pinboard/master/2021_gp1-2021-02-21-racing_elite-heated_highway-normal/2021_gp1-2021-02-21-racing_elite-heated_highway-normal.png"
"2021_gp1","toshiro","furious","heated_highway","normal","racing_elite",2021-02-21,2,"bigcalm","02:28:581",11,"https://raw.githubusercontent.com/rpodcast/hotshots.pinboard/master/2021_gp1-2021-02-21-racing_elite-heated_highway-normal/2021_gp1-2021-02-21-racing_elite-heated_highway-normal.png"
"2021_gp1","toshiro","furious","heated_highway","normal","racing_elite",2021-02-21,3,"Wimpy","02:28:984",10,"https://raw.githubusercontent.com/rpodcast/hotshots.pinboard/master/2021_gp1-2021-02-21-racing_elite-heated_highway-normal/2021_gp1-2021-02-21-racing_elite-heated_highway-normal.png"
"2021_gp1","toshiro","furious","heated_highway","normal","racing_elite",2021-02-21,4,"rpodcast","02:30:982",9,"https://raw.githubusercontent.com/rpodcast/hotshots.pinboard/master/2021_gp1-2021-02-21-racing_elite-heated_highway-normal/2021_gp1-2021-02-21-racing_elite-heated_highway-normal.png"
"2021_gp1","toshiro","furious","heated_highway","normal","racing_elite",2021-02-21,5,"bigpod","02:33:984",8,"https://raw.githubusercontent.com/rpodcast/hotshots.pinboard/master/2021_gp1-2021-02-21-racing_elite-heated_highway-normal/2021_gp1-2021-02-21-racing_elite-heated_highway-normal.png"
"2021_gp1","toshiro","furious","heated_highway","normal","racing_elite",2021-02-21,6,"TwoD","02:34:435",7,"https://raw.githubusercontent.com/rpodcast/hotshots.pinboard/master/2021_gp1-2021-02-21-racing_elite-heated_highway-normal/2021_gp1-2021-02-21-racing_elite-heated_highway-normal.png"
"2021_gp1","toshiro","furious","heated_highway","normal","racing_elite",2021-02-21,7,"madhens","DNF",0,"https://raw.githubusercontent.com/rpodcast/hotshots.pinboard/master/2021_gp1-2021-02-21-racing_elite-heated_highway-normal/2021_gp1-2021-02-21-racing_elite-heated_highway-normal.png"
"2021_gp1","toshiro","furious","alpine_town","normal","racing_elite",2021-02-21,1,"FrenchguyCH","03:12:285",12,"https://raw.githubusercontent.com/rpodcast/hotshots.pinboard/master/2021_gp1-2021-02-21-racing_elite-alpine_town-normal/2021_gp1-2021-02-21-racing_elite-alpine_town-normal.png"
"2021_gp1","toshiro","furious","alpine_town","normal","racing_elite",2021-02-21,2,"bigcalm","03:12:532",11,"https://raw.githubusercontent.com/rpodcast/hotshots.pinboard/master/2021_gp1-2021-02-21-racing_elite-alpine_town-normal/2021_gp1-2021-02-21-racing_elite-alpine_town-normal.png"
"2021_gp1","toshiro","furious","alpine_town","normal","racing_elite",2021-02-21,3,"TwoD","03:12:569",10,"https://raw.githubusercontent.com/rpodcast/hotshots.pinboard/master/2021_gp1-2021-02-21-racing_elite-alpine_town-normal/2021_gp1-2021-02-21-racing_elite-alpine_town-normal.png"
"2021_gp1","toshiro","furious","alpine_town","normal","racing_elite",2021-02-21,4,"Wimpy","03:13:301",9,"https://raw.githubusercontent.com/rpodcast/hotshots.pinboard/master/2021_gp1-2021-02-21-racing_elite-alpine_town-normal/2021_gp1-2021-02-21-racing_elite-alpine_town-normal.png"
"2021_gp1","toshiro","furious","alpine_town","normal","racing_elite",2021-02-21,5,"madhens","03:17:459",8,"https://raw.githubusercontent.com/rpodcast/hotshots.pinboard/master/2021_gp1-2021-02-21-racing_elite-alpine_town-normal/2021_gp1-2021-02-21-racing_elite-alpine_town-normal.png"
"2021_gp1","toshiro","furious","alpine_town","normal","racing_elite",2021-02-21,6,"rpodcast"," 03:18:899",7,"https://raw.githubusercontent.com/rpodcast/hotshots.pinboard/master/2021_gp1-2021-02-21-racing_elite-alpine_town-normal/2021_gp1-2021-02-21-racing_elite-alpine_town-normal.png"
"2021_gp1","toshiro","furious","alpine_town","normal","racing_elite",2021-02-21,7,"bigpod","03:35:534",6,"https://raw.githubusercontent.com/rpodcast/hotshots.pinboard/master/2021_gp1-2021-02-21-racing_elite-alpine_town-normal/2021_gp1-2021-02-21-racing_elite-alpine_town-normal.png"
"2021_gp1","toshiro","furious","casino_run","normal","racing_elite",2021-02-21,1,"rpodcast","03:18:416",12,"https://raw.githubusercontent.com/rpodcast/hotshots.pinboard/master/2021_gp1-2021-02-21-racing_elite-casino_run-normal/2021_gp1-2021-02-21-racing_elite-casino_run-normal.png"
"2021_gp1","toshiro","furious","casino_run","normal","racing_elite",2021-02-21,2,"Wimpy","03:18:482",11,"https://raw.githubusercontent.com/rpodcast/hotshots.pinboard/master/2021_gp1-2021-02-21-racing_elite-casino_run-normal/2021_gp1-2021-02-21-racing_elite-casino_run-normal.png"
"2021_gp1","toshiro","furious","casino_run","normal","racing_elite",2021-02-21,3,"FrenchguyCH","03:19:264",10,"https://raw.githubusercontent.com/rpodcast/hotshots.pinboard/master/2021_gp1-2021-02-21-racing_elite-casino_run-normal/2021_gp1-2021-02-21-racing_elite-casino_run-normal.png"
"2021_gp1","toshiro","furious","casino_run","normal","racing_elite",2021-02-21,4,"bigpod","03:23:067",9,"https://raw.githubusercontent.com/rpodcast/hotshots.pinboard/master/2021_gp1-2021-02-21-racing_elite-casino_run-normal/2021_gp1-2021-02-21-racing_elite-casino_run-normal.png"
"2021_gp1","toshiro","furious","casino_run","normal","racing_elite",2021-02-21,5,"TwoD","03:23:612",8,"https://raw.githubusercontent.com/rpodcast/hotshots.pinboard/master/2021_gp1-2021-02-21-racing_elite-casino_run-normal/2021_gp1-2021-02-21-racing_elite-casino_run-normal.png"
"2021_gp1","toshiro","furious","casino_run","normal","racing_elite",2021-02-21,6,"bigcalm","03:32:364",7,"https://raw.githubusercontent.com/rpodcast/hotshots.pinboard/master/2021_gp1-2021-02-21-racing_elite-casino_run-normal/2021_gp1-2021-02-21-racing_elite-casino_run-normal.png"
"2021_gp1","toshiro","furious","casino_run","normal","racing_elite",2021-02-21,7,"madhens","03:43:846",6,"https://raw.githubusercontent.com/rpodcast/hotshots.pinboard/master/2021_gp1-2021-02-21-racing_elite-casino_run-normal/2021_gp1-2021-02-21-racing_elite-casino_run-normal.png"
"2021_gp1","viktor","el_toro","dino_dash","mirrored","racing_elite",2021-02-21,1,"FrenchguyCH","03:13:797",12,"https://raw.githubusercontent.com/rpodcast/hotshots.pinboard/master/2021_gp1-2021-02-21-racing_elite-dino_dash-mirrored/2021_gp1-2021-02-21-racing_elite-dino_dash-mirrored.png"
"2021_gp1","viktor","el_toro","dino_dash","mirrored","racing_elite",2021-02-21,2,"Wimpy","03:14:159",11,"https://raw.githubusercontent.com/rpodcast/hotshots.pinboard/master/2021_gp1-2021-02-21-racing_elite-dino_dash-mirrored/2021_gp1-2021-02-21-racing_elite-dino_dash-mirrored.png"
"2021_gp1","viktor","el_toro","dino_dash","mirrored","racing_elite",2021-02-21,3,"bigcalm","03:15:040",10,"https://raw.githubusercontent.com/rpodcast/hotshots.pinboard/master/2021_gp1-2021-02-21-racing_elite-dino_dash-mirrored/2021_gp1-2021-02-21-racing_elite-dino_dash-mirrored.png"
"2021_gp1","viktor","el_toro","dino_dash","mirrored","racing_elite",2021-02-21,4,"TwoD","03:16:774",9,"https://raw.githubusercontent.com/rpodcast/hotshots.pinboard/master/2021_gp1-2021-02-21-racing_elite-dino_dash-mirrored/2021_gp1-2021-02-21-racing_elite-dino_dash-mirrored.png"
"2021_gp1","viktor","el_toro","dino_dash","mirrored","racing_elite",2021-02-21,5,"rpodcast","03:21:499",8,"https://raw.githubusercontent.com/rpodcast/hotshots.pinboard/master/2021_gp1-2021-02-21-racing_elite-dino_dash-mirrored/2021_gp1-2021-02-21-racing_elite-dino_dash-mirrored.png"
"2021_gp1","viktor","el_toro","dino_dash","mirrored","racing_elite",2021-02-21,6,"madhens","03:23:344",7,"https://raw.githubusercontent.com/rpodcast/hotshots.pinboard/master/2021_gp1-2021-02-21-racing_elite-dino_dash-mirrored/2021_gp1-2021-02-21-racing_elite-dino_dash-mirrored.png"
"2021_gp1","viktor","el_toro","dino_dash","mirrored","racing_elite",2021-02-21,7,"bigpod","DNF",0,"https://raw.githubusercontent.com/rpodcast/hotshots.pinboard/master/2021_gp1-2021-02-21-racing_elite-dino_dash-mirrored/2021_gp1-2021-02-21-racing_elite-dino_dash-mirrored.png"
"2021_gp1","viktor","el_toro","heated_highway","mirrored","racing_elite",2021-02-21,1,"Wimpy","02:35:872",12,"https://raw.githubusercontent.com/rpodcast/hotshots.pinboard/master/2021_gp1-2021-02-21-racing_elite-heated_highway-mirrored/2021_gp1-2021-02-21-racing_elite-heated_highway-mirrored.png"
"2021_gp1","viktor","el_toro","heated_highway","mirrored","racing_elite",2021-02-21,2,"FrenchguyCH","02:37:029",11,"https://raw.githubusercontent.com/rpodcast/hotshots.pinboard/master/2021_gp1-2021-02-21-racing_elite-heated_highway-mirrored/2021_gp1-2021-02-21-racing_elite-heated_highway-mirrored.png"
"2021_gp1","viktor","el_toro","heated_highway","mirrored","racing_elite",2021-02-21,3,"bigcalm","02:37:586",10,"https://raw.githubusercontent.com/rpodcast/hotshots.pinboard/master/2021_gp1-2021-02-21-racing_elite-heated_highway-mirrored/2021_gp1-2021-02-21-racing_elite-heated_highway-mirrored.png"
"2021_gp1","viktor","el_toro","heated_highway","mirrored","racing_elite",2021-02-21,4,"rpodcast","02:40:415",9,"https://raw.githubusercontent.com/rpodcast/hotshots.pinboard/master/2021_gp1-2021-02-21-racing_elite-heated_highway-mirrored/2021_gp1-2021-02-21-racing_elite-heated_highway-mirrored.png"
"2021_gp1","viktor","el_toro","heated_highway","mirrored","racing_elite",2021-02-21,5,"TwoD","02:43:013",8,"https://raw.githubusercontent.com/rpodcast/hotshots.pinboard/master/2021_gp1-2021-02-21-racing_elite-heated_highway-mirrored/2021_gp1-2021-02-21-racing_elite-heated_highway-mirrored.png"
"2021_gp1","viktor","el_toro","heated_highway","mirrored","racing_elite",2021-02-21,6,"bigpod","DNF",0,"https://raw.githubusercontent.com/rpodcast/hotshots.pinboard/master/2021_gp1-2021-02-21-racing_elite-heated_highway-mirrored/2021_gp1-2021-02-21-racing_elite-heated_highway-mirrored.png"
"2021_gp1","viktor","el_toro","heated_highway","mirrored","racing_elite",2021-02-21,7,"madhens","DNF",0,"https://raw.githubusercontent.com/rpodcast/hotshots.pinboard/master/2021_gp1-2021-02-21-racing_elite-heated_highway-mirrored/2021_gp1-2021-02-21-racing_elite-heated_highway-mirrored.png"
"2021_gp1","viktor","el_toro","alpine_town","mirrored","racing_elite",2021-02-21,1,"rpodcast","03:22:465",12,"https://raw.githubusercontent.com/rpodcast/hotshots.pinboard/master/2021_gp1-2021-02-21-racing_elite-alpine_town-mirrored/2021_gp1-2021-02-21-racing_elite-alpine_town-mirrored.png"
"2021_gp1","viktor","el_toro","alpine_town","mirrored","racing_elite",2021-02-21,2,"Wimpy","03:22:515",11,"https://raw.githubusercontent.com/rpodcast/hotshots.pinboard/master/2021_gp1-2021-02-21-racing_elite-alpine_town-mirrored/2021_gp1-2021-02-21-racing_elite-alpine_town-mirrored.png"
"2021_gp1","viktor","el_toro","alpine_town","mirrored","racing_elite",2021-02-21,3,"TwoD","03:23:003",10,"https://raw.githubusercontent.com/rpodcast/hotshots.pinboard/master/2021_gp1-2021-02-21-racing_elite-alpine_town-mirrored/2021_gp1-2021-02-21-racing_elite-alpine_town-mirrored.png"
"2021_gp1","viktor","el_toro","alpine_town","mirrored","racing_elite",2021-02-21,4,"bigpod","03:23:051",9,"https://raw.githubusercontent.com/rpodcast/hotshots.pinboard/master/2021_gp1-2021-02-21-racing_elite-alpine_town-mirrored/2021_gp1-2021-02-21-racing_elite-alpine_town-mirrored.png"
"2021_gp1","viktor","el_toro","alpine_town","mirrored","racing_elite",2021-02-21,5,"bigcalm","03:23:750",8,"https://raw.githubusercontent.com/rpodcast/hotshots.pinboard/master/2021_gp1-2021-02-21-racing_elite-alpine_town-mirrored/2021_gp1-2021-02-21-racing_elite-alpine_town-mirrored.png"
"2021_gp1","viktor","el_toro","alpine_town","mirrored","racing_elite",2021-02-21,6,"madhens","03:25:093",7,"https://raw.githubusercontent.com/rpodcast/hotshots.pinboard/master/2021_gp1-2021-02-21-racing_elite-alpine_town-mirrored/2021_gp1-2021-02-21-racing_elite-alpine_town-mirrored.png"
"2021_gp1","viktor","el_toro","alpine_town","mirrored","racing_elite",2021-02-21,7,"FrenchguyCH","03:26:980",6,"https://raw.githubusercontent.com/rpodcast/hotshots.pinboard/master/2021_gp1-2021-02-21-racing_elite-alpine_town-mirrored/2021_gp1-2021-02-21-racing_elite-alpine_town-mirrored.png"
"2021_gp1","viktor","el_toro","casino_run","mirrored","racing_elite",2021-02-21,1,"Wimpy","03:28:621",12,"https://raw.githubusercontent.com/rpodcast/hotshots.pinboard/master/2021_gp1-2021-02-21-racing_elite-casino_run-mirrored/2021_gp1-2021-02-21-racing_elite-casino_run-mirrored.png"
"2021_gp1","viktor","el_toro","casino_run","mirrored","racing_elite",2021-02-21,2,"rpodcast","03:31:582",11,"https://raw.githubusercontent.com/rpodcast/hotshots.pinboard/master/2021_gp1-2021-02-21-racing_elite-casino_run-mirrored/2021_gp1-2021-02-21-racing_elite-casino_run-mirrored.png"
"2021_gp1","viktor","el_toro","casino_run","mirrored","racing_elite",2021-02-21,3,"TwoD","03:37:523",10,"https://raw.githubusercontent.com/rpodcast/hotshots.pinboard/master/2021_gp1-2021-02-21-racing_elite-casino_run-mirrored/2021_gp1-2021-02-21-racing_elite-casino_run-mirrored.png"
"2021_gp1","viktor","el_toro","casino_run","mirrored","racing_elite",2021-02-21,4,"FrenchguyCH","03:38:799",9,"https://raw.githubusercontent.com/rpodcast/hotshots.pinboard/master/2021_gp1-2021-02-21-racing_elite-casino_run-mirrored/2021_gp1-2021-02-21-racing_elite-casino_run-mirrored.png"
"2021_gp1","viktor","el_toro","casino_run","mirrored","racing_elite",2021-02-21,5,"bigcalm","03:39:772",8,"https://raw.githubusercontent.com/rpodcast/hotshots.pinboard/master/2021_gp1-2021-02-21-racing_elite-casino_run-mirrored/2021_gp1-2021-02-21-racing_elite-casino_run-mirrored.png"
"2021_gp1","viktor","el_toro","casino_run","mirrored","racing_elite",2021-02-21,6,"madhens","DNF",0,"https://raw.githubusercontent.com/rpodcast/hotshots.pinboard/master/2021_gp1-2021-02-21-racing_elite-casino_run-mirrored/2021_gp1-2021-02-21-racing_elite-casino_run-mirrored.png"
"2021_gp1","viktor","el_toro","casino_run","mirrored","racing_elite",2021-02-21,7,"bigpod","DNF",0,"https://raw.githubusercontent.com/rpodcast/hotshots.pinboard/master/2021_gp1-2021-02-21-racing_elite-casino_run-mirrored/2021_gp1-2021-02-21-racing_elite-casino_run-mirrored.png"
"2021_gp1","xing","sentinel","ski_paradise","normal","hotshot",2021-02-28,1,"crendo","02:27:211",12,"https://raw.githubusercontent.com/rpodcast/hotshots.pinboard/master/2021_gp1-2021-02-28-hotshot-ski_paradise-normal/2021_gp1-2021-02-28-hotshot-ski_paradise-normal.png"
"2021_gp1","xing","sentinel","ski_paradise","normal","hotshot",2021-02-28,2,"bigpod","02:27:836",11,"https://raw.githubusercontent.com/rpodcast/hotshots.pinboard/master/2021_gp1-2021-02-28-hotshot-ski_paradise-normal/2021_gp1-2021-02-28-hotshot-ski_paradise-normal.png"
"2021_gp1","xing","sentinel","ski_paradise","normal","hotshot",2021-02-28,3,"rpodcast","02:27:869",10,"https://raw.githubusercontent.com/rpodcast/hotshots.pinboard/master/2021_gp1-2021-02-28-hotshot-ski_paradise-normal/2021_gp1-2021-02-28-hotshot-ski_paradise-normal.png"
"2021_gp1","xing","sentinel","ski_paradise","normal","hotshot",2021-02-28,4,"Wimpy","02:27:870",9,"https://raw.githubusercontent.com/rpodcast/hotshots.pinboard/master/2021_gp1-2021-02-28-hotshot-ski_paradise-normal/2021_gp1-2021-02-28-hotshot-ski_paradise-normal.png"
"2021_gp1","xing","sentinel","ski_paradise","normal","hotshot",2021-02-28,5,"FrenchguyCH","02:29:700",8,"https://raw.githubusercontent.com/rpodcast/hotshots.pinboard/master/2021_gp1-2021-02-28-hotshot-ski_paradise-normal/2021_gp1-2021-02-28-hotshot-ski_paradise-normal.png"
"2021_gp1","xing","sentinel","ski_paradise","normal","hotshot",2021-02-28,6,"TwoD","02:30:408",7,"https://raw.githubusercontent.com/rpodcast/hotshots.pinboard/master/2021_gp1-2021-02-28-hotshot-ski_paradise-normal/2021_gp1-2021-02-28-hotshot-ski_paradise-normal.png"
"2021_gp1","xing","sentinel","ski_paradise","normal","hotshot",2021-02-28,7,"bigcalm","02:35:210",6,"https://raw.githubusercontent.com/rpodcast/hotshots.pinboard/master/2021_gp1-2021-02-28-hotshot-ski_paradise-normal/2021_gp1-2021-02-28-hotshot-ski_paradise-normal.png"
"2021_gp1","xing","sentinel","ski_paradise","normal","hotshot",2021-02-28,8,"madhens","02:39:986",5,"https://raw.githubusercontent.com/rpodcast/hotshots.pinboard/master/2021_gp1-2021-02-28-hotshot-ski_paradise-normal/2021_gp1-2021-02-28-hotshot-ski_paradise-normal.png"
"2021_gp1","xing","sentinel","temple_ruins","normal","hotshot",2021-02-28,1,"rpodcast","03:02:752",12,"https://raw.githubusercontent.com/rpodcast/hotshots.pinboard/master/2021_gp1-2021-02-28-hotshot-temple_ruins-normal/2021_gp1-2021-02-28-hotshot-temple_ruins-normal.png"
"2021_gp1","xing","sentinel","temple_ruins","normal","hotshot",2021-02-28,2,"Wimpy","03:02:798",11,"https://raw.githubusercontent.com/rpodcast/hotshots.pinboard/master/2021_gp1-2021-02-28-hotshot-temple_ruins-normal/2021_gp1-2021-02-28-hotshot-temple_ruins-normal.png"
"2021_gp1","xing","sentinel","temple_ruins","normal","hotshot",2021-02-28,3,"bigpod","03:03:015",10,"https://raw.githubusercontent.com/rpodcast/hotshots.pinboard/master/2021_gp1-2021-02-28-hotshot-temple_ruins-normal/2021_gp1-2021-02-28-hotshot-temple_ruins-normal.png"
"2021_gp1","xing","sentinel","temple_ruins","normal","hotshot",2021-02-28,4,"FrenchguyCH","03:03:053",9,"https://raw.githubusercontent.com/rpodcast/hotshots.pinboard/master/2021_gp1-2021-02-28-hotshot-temple_ruins-normal/2021_gp1-2021-02-28-hotshot-temple_ruins-normal.png"
"2021_gp1","xing","sentinel","temple_ruins","normal","hotshot",2021-02-28,5,"madhens","03:06:789",8,"https://raw.githubusercontent.com/rpodcast/hotshots.pinboard/master/2021_gp1-2021-02-28-hotshot-temple_ruins-normal/2021_gp1-2021-02-28-hotshot-temple_ruins-normal.png"
"2021_gp1","xing","sentinel","temple_ruins","normal","hotshot",2021-02-28,6,"TwoD","03:08:191",7,"https://raw.githubusercontent.com/rpodcast/hotshots.pinboard/master/2021_gp1-2021-02-28-hotshot-temple_ruins-normal/2021_gp1-2021-02-28-hotshot-temple_ruins-normal.png"
"2021_gp1","xing","sentinel","temple_ruins","normal","hotshot",2021-02-28,7,"bigcalm","03:12:565",6,"https://raw.githubusercontent.com/rpodcast/hotshots.pinboard/master/2021_gp1-2021-02-28-hotshot-temple_ruins-normal/2021_gp1-2021-02-28-hotshot-temple_ruins-normal.png"
"2021_gp1","xing","sentinel","temple_ruins","normal","hotshot",2021-02-28,8,"crendo","03:12:696",5,"https://raw.githubusercontent.com/rpodcast/hotshots.pinboard/master/2021_gp1-2021-02-28-hotshot-temple_ruins-normal/2021_gp1-2021-02-28-hotshot-temple_ruins-normal.png"
"2021_gp1","xing","sentinel","downtown","normal","hotshot",2021-02-28,1,"FrenchguyCH","02:54:337",12,"https://raw.githubusercontent.com/rpodcast/hotshots.pinboard/master/2021_gp1-2021-02-28-hotshot-downtown-normal/2021_gp1-2021-02-28-hotshot-downtown-normal.png"
"2021_gp1","xing","sentinel","downtown","normal","hotshot",2021-02-28,2,"crendo","02:58:646",11,"https://raw.githubusercontent.com/rpodcast/hotshots.pinboard/master/2021_gp1-2021-02-28-hotshot-downtown-normal/2021_gp1-2021-02-28-hotshot-downtown-normal.png"
"2021_gp1","xing","sentinel","downtown","normal","hotshot",2021-02-28,3,"TwoD","02:58:957",10,"https://raw.githubusercontent.com/rpodcast/hotshots.pinboard/master/2021_gp1-2021-02-28-hotshot-downtown-normal/2021_gp1-2021-02-28-hotshot-downtown-normal.png"
"2021_gp1","xing","sentinel","downtown","normal","hotshot",2021-02-28,4,"rpodcast","02:59:150",9,"https://raw.githubusercontent.com/rpodcast/hotshots.pinboard/master/2021_gp1-2021-02-28-hotshot-downtown-normal/2021_gp1-2021-02-28-hotshot-downtown-normal.png"
"2021_gp1","xing","sentinel","downtown","normal","hotshot",2021-02-28,5,"madhens","02:59:956",8,"https://raw.githubusercontent.com/rpodcast/hotshots.pinboard/master/2021_gp1-2021-02-28-hotshot-downtown-normal/2021_gp1-2021-02-28-hotshot-downtown-normal.png"
"2021_gp1","xing","sentinel","downtown","normal","hotshot",2021-02-28,6,"Wimpy","03:00:183",7,"https://raw.githubusercontent.com/rpodcast/hotshots.pinboard/master/2021_gp1-2021-02-28-hotshot-downtown-normal/2021_gp1-2021-02-28-hotshot-downtown-normal.png"
"2021_gp1","xing","sentinel","downtown","normal","hotshot",2021-02-28,7,"bigcalm","03:03:520",6,"https://raw.githubusercontent.com/rpodcast/hotshots.pinboard/master/2021_gp1-2021-02-28-hotshot-downtown-normal/2021_gp1-2021-02-28-hotshot-downtown-normal.png"
"2021_gp1","xing","sentinel","downtown","normal","hotshot",2021-02-28,8,"bigpod","03:07:148",5,"https://raw.githubusercontent.com/rpodcast/hotshots.pinboard/master/2021_gp1-2021-02-28-hotshot-downtown-normal/2021_gp1-2021-02-28-hotshot-downtown-normal.png"
"2021_gp1","xing","sentinel","sea_view","normal","hotshot",2021-02-28,1,"rpodcast","03:03:995",12,"https://raw.githubusercontent.com/rpodcast/hotshots.pinboard/master/2021_gp1-2021-02-28-hotshot-sea_view-normal/2021_gp1-2021-02-28-hotshot-sea_view-normal.png"
"2021_gp1","xing","sentinel","sea_view","normal","hotshot",2021-02-28,2,"Wimpy","03:05:223",11,"https://raw.githubusercontent.com/rpodcast/hotshots.pinboard/master/2021_gp1-2021-02-28-hotshot-sea_view-normal/2021_gp1-2021-02-28-hotshot-sea_view-normal.png"
"2021_gp1","xing","sentinel","sea_view","normal","hotshot",2021-02-28,3,"crendo","03:05:918",10,"https://raw.githubusercontent.com/rpodcast/hotshots.pinboard/master/2021_gp1-2021-02-28-hotshot-sea_view-normal/2021_gp1-2021-02-28-hotshot-sea_view-normal.png"
"2021_gp1","xing","sentinel","sea_view","normal","hotshot",2021-02-28,4,"bigpod","03:05:994",9,"https://raw.githubusercontent.com/rpodcast/hotshots.pinboard/master/2021_gp1-2021-02-28-hotshot-sea_view-normal/2021_gp1-2021-02-28-hotshot-sea_view-normal.png"
"2021_gp1","xing","sentinel","sea_view","normal","hotshot",2021-02-28,5,"bigcalm","03:06:048",8,"https://raw.githubusercontent.com/rpodcast/hotshots.pinboard/master/2021_gp1-2021-02-28-hotshot-sea_view-normal/2021_gp1-2021-02-28-hotshot-sea_view-normal.png"
"2021_gp1","xing","sentinel","sea_view","normal","hotshot",2021-02-28,6,"FrenchguyCH","03:06:060",7,"https://raw.githubusercontent.com/rpodcast/hotshots.pinboard/master/2021_gp1-2021-02-28-hotshot-sea_view-normal/2021_gp1-2021-02-28-hotshot-sea_view-normal.png"
"2021_gp1","xing","sentinel","sea_view","normal","hotshot",2021-02-28,7,"TwoD","03:09:227",6,"https://raw.githubusercontent.com/rpodcast/hotshots.pinboard/master/2021_gp1-2021-02-28-hotshot-sea_view-normal/2021_gp1-2021-02-28-hotshot-sea_view-normal.png"
"2021_gp1","xing","sentinel","sea_view","normal","hotshot",2021-02-28,8,"madhens","03:20:165",5,"https://raw.githubusercontent.com/rpodcast/hotshots.pinboard/master/2021_gp1-2021-02-28-hotshot-sea_view-normal/2021_gp1-2021-02-28-hotshot-sea_view-normal.png"
"2021_gp1","mike","athena","ski_paradise","mirrored","hotshot",2021-02-28,1,"rpodcast","02:29:192",12,"https://raw.githubusercontent.com/rpodcast/hotshots.pinboard/master/2021_gp1-2021-02-28-hotshot-ski_paradise-mirrored/2021_gp1-2021-02-28-hotshot-ski_paradise-mirrored.png"
"2021_gp1","mike","athena","ski_paradise","mirrored","hotshot",2021-02-28,2,"FrenchguyCH","02:29:200",11,"https://raw.githubusercontent.com/rpodcast/hotshots.pinboard/master/2021_gp1-2021-02-28-hotshot-ski_paradise-mirrored/2021_gp1-2021-02-28-hotshot-ski_paradise-mirrored.png"
"2021_gp1","mike","athena","ski_paradise","mirrored","hotshot",2021-02-28,3,"bigpod","02:30:618",10,"https://raw.githubusercontent.com/rpodcast/hotshots.pinboard/master/2021_gp1-2021-02-28-hotshot-ski_paradise-mirrored/2021_gp1-2021-02-28-hotshot-ski_paradise-mirrored.png"
"2021_gp1","mike","athena","ski_paradise","mirrored","hotshot",2021-02-28,4,"bigcalm","02:30:652",9,"https://raw.githubusercontent.com/rpodcast/hotshots.pinboard/master/2021_gp1-2021-02-28-hotshot-ski_paradise-mirrored/2021_gp1-2021-02-28-hotshot-ski_paradise-mirrored.png"
"2021_gp1","mike","athena","ski_paradise","mirrored","hotshot",2021-02-28,5,"Wimpy","02:30:886",8,"https://raw.githubusercontent.com/rpodcast/hotshots.pinboard/master/2021_gp1-2021-02-28-hotshot-ski_paradise-mirrored/2021_gp1-2021-02-28-hotshot-ski_paradise-mirrored.png"
"2021_gp1","mike","athena","ski_paradise","mirrored","hotshot",2021-02-28,6,"madhens","02:33:359",7,"https://raw.githubusercontent.com/rpodcast/hotshots.pinboard/master/2021_gp1-2021-02-28-hotshot-ski_paradise-mirrored/2021_gp1-2021-02-28-hotshot-ski_paradise-mirrored.png"
"2021_gp1","mike","athena","ski_paradise","mirrored","hotshot",2021-02-28,7,"TwoD","02:33:555",6,"https://raw.githubusercontent.com/rpodcast/hotshots.pinboard/master/2021_gp1-2021-02-28-hotshot-ski_paradise-mirrored/2021_gp1-2021-02-28-hotshot-ski_paradise-mirrored.png"
"2021_gp1","mike","athena","temple_ruins","mirrored","hotshot",2021-02-28,1,"TwoD","03:00:209",12,"https://raw.githubusercontent.com/rpodcast/hotshots.pinboard/master/2021_gp1-2021-02-28-hotshot-temple_ruins-mirrored/2021_gp1-2021-02-28-hotshot-temple_ruins-mirrored.png"
"2021_gp1","mike","athena","temple_ruins","mirrored","hotshot",2021-02-28,2,"bigpod","03:00:502",11,"https://raw.githubusercontent.com/rpodcast/hotshots.pinboard/master/2021_gp1-2021-02-28-hotshot-temple_ruins-mirrored/2021_gp1-2021-02-28-hotshot-temple_ruins-mirrored.png"
"2021_gp1","mike","athena","temple_ruins","mirrored","hotshot",2021-02-28,3,"rpodcast","03:01:258",10,"https://raw.githubusercontent.com/rpodcast/hotshots.pinboard/master/2021_gp1-2021-02-28-hotshot-temple_ruins-mirrored/2021_gp1-2021-02-28-hotshot-temple_ruins-mirrored.png"
"2021_gp1","mike","athena","temple_ruins","mirrored","hotshot",2021-02-28,4,"bigcalm","03:01:310",9,"https://raw.githubusercontent.com/rpodcast/hotshots.pinboard/master/2021_gp1-2021-02-28-hotshot-temple_ruins-mirrored/2021_gp1-2021-02-28-hotshot-temple_ruins-mirrored.png"
"2021_gp1","mike","athena","temple_ruins","mirrored","hotshot",2021-02-28,5,"Wimpy","03:01:915",8,"https://raw.githubusercontent.com/rpodcast/hotshots.pinboard/master/2021_gp1-2021-02-28-hotshot-temple_ruins-mirrored/2021_gp1-2021-02-28-hotshot-temple_ruins-mirrored.png"
"2021_gp1","mike","athena","temple_ruins","mirrored","hotshot",2021-02-28,6,"madhens","03:05:006",7,"https://raw.githubusercontent.com/rpodcast/hotshots.pinboard/master/2021_gp1-2021-02-28-hotshot-temple_ruins-mirrored/2021_gp1-2021-02-28-hotshot-temple_ruins-mirrored.png"
"2021_gp1","mike","athena","temple_ruins","mirrored","hotshot",2021-02-28,7,"FrenchguyCH","03:05:707",6,"https://raw.githubusercontent.com/rpodcast/hotshots.pinboard/master/2021_gp1-2021-02-28-hotshot-temple_ruins-mirrored/2021_gp1-2021-02-28-hotshot-temple_ruins-mirrored.png"
"2021_gp1","mike","athena","downtown","mirrored","hotshot",2021-02-28,1,"rpodcast","02:51:079",12,"https://raw.githubusercontent.com/rpodcast/hotshots.pinboard/master/2021_gp1-2021-02-28-hotshot-downtown-mirrored/2021_gp1-2021-02-28-hotshot-downtown-mirrored.png"
"2021_gp1","mike","athena","downtown","mirrored","hotshot",2021-02-28,2,"bigpod","02:51:166",11,"https://raw.githubusercontent.com/rpodcast/hotshots.pinboard/master/2021_gp1-2021-02-28-hotshot-downtown-mirrored/2021_gp1-2021-02-28-hotshot-downtown-mirrored.png"
"2021_gp1","mike","athena","downtown","mirrored","hotshot",2021-02-28,3,"FrenchguyCH","02:54:237",10,"https://raw.githubusercontent.com/rpodcast/hotshots.pinboard/master/2021_gp1-2021-02-28-hotshot-downtown-mirrored/2021_gp1-2021-02-28-hotshot-downtown-mirrored.png"
"2021_gp1","mike","athena","downtown","mirrored","hotshot",2021-02-28,4,"TwoD","03:03:043",9,"https://raw.githubusercontent.com/rpodcast/hotshots.pinboard/master/2021_gp1-2021-02-28-hotshot-downtown-mirrored/2021_gp1-2021-02-28-hotshot-downtown-mirrored.png"
"2021_gp1","mike","athena","downtown","mirrored","hotshot",2021-02-28,5,"Wimpy","03:03:418",8,"https://raw.githubusercontent.com/rpodcast/hotshots.pinboard/master/2021_gp1-2021-02-28-hotshot-downtown-mirrored/2021_gp1-2021-02-28-hotshot-downtown-mirrored.png"
"2021_gp1","mike","athena","downtown","mirrored","hotshot",2021-02-28,6,"bigcalm","03:05:455",7,"https://raw.githubusercontent.com/rpodcast/hotshots.pinboard/master/2021_gp1-2021-02-28-hotshot-downtown-mirrored/2021_gp1-2021-02-28-hotshot-downtown-mirrored.png"
"2021_gp1","mike","athena","downtown","mirrored","hotshot",2021-02-28,7,"madhens","DNF",0,"https://raw.githubusercontent.com/rpodcast/hotshots.pinboard/master/2021_gp1-2021-02-28-hotshot-downtown-mirrored/2021_gp1-2021-02-28-hotshot-downtown-mirrored.png"
"2021_gp1","mike","athena","sea_view","mirrored","hotshot",2021-02-28,1,"rpodcast","03:06:037",12,"https://raw.githubusercontent.com/rpodcast/hotshots.pinboard/master/2021_gp1-2021-02-28-hotshot-sea_view-mirrored/2021_gp1-2021-02-28-hotshot-sea_view-mirrored.png"
"2021_gp1","mike","athena","sea_view","mirrored","hotshot",2021-02-28,2,"bigcalm","03:06:139",11,"https://raw.githubusercontent.com/rpodcast/hotshots.pinboard/master/2021_gp1-2021-02-28-hotshot-sea_view-mirrored/2021_gp1-2021-02-28-hotshot-sea_view-mirrored.png"
"2021_gp1","mike","athena","sea_view","mirrored","hotshot",2021-02-28,3,"crendo","03:06:943",10,"https://raw.githubusercontent.com/rpodcast/hotshots.pinboard/master/2021_gp1-2021-02-28-hotshot-sea_view-mirrored/2021_gp1-2021-02-28-hotshot-sea_view-mirrored.png"
"2021_gp1","mike","athena","sea_view","mirrored","hotshot",2021-02-28,4,"FrenchguyCH","03:08:556",9,"https://raw.githubusercontent.com/rpodcast/hotshots.pinboard/master/2021_gp1-2021-02-28-hotshot-sea_view-mirrored/2021_gp1-2021-02-28-hotshot-sea_view-mirrored.png"
"2021_gp1","mike","athena","sea_view","mirrored","hotshot",2021-02-28,5,"bigpod","03:09:029",8,"https://raw.githubusercontent.com/rpodcast/hotshots.pinboard/master/2021_gp1-2021-02-28-hotshot-sea_view-mirrored/2021_gp1-2021-02-28-hotshot-sea_view-mirrored.png"
"2021_gp1","mike","athena","sea_view","mirrored","hotshot",2021-02-28,6,"TwoD","03:09:432",7,"https://raw.githubusercontent.com/rpodcast/hotshots.pinboard/master/2021_gp1-2021-02-28-hotshot-sea_view-mirrored/2021_gp1-2021-02-28-hotshot-sea_view-mirrored.png"
"2021_gp1","mike","athena","sea_view","mirrored","hotshot",2021-02-28,7,"madhens","03:12:990",6,"https://raw.githubusercontent.com/rpodcast/hotshots.pinboard/master/2021_gp1-2021-02-28-hotshot-sea_view-mirrored/2021_gp1-2021-02-28-hotshot-sea_view-mirrored.png"
"2021_gp1","mike","athena","sea_view","mirrored","hotshot",2021-02-28,8,"Wimpy","03:15:483",5,"https://raw.githubusercontent.com/rpodcast/hotshots.pinboard/master/2021_gp1-2021-02-28-hotshot-sea_view-mirrored/2021_gp1-2021-02-28-hotshot-sea_view-mirrored.png"
"2021_gp1","toshiro","sky_road","surf_city","normal","boss_level",2021-03-07,1,"rpodcast","02:09:421",12,"https://raw.githubusercontent.com/rpodcast/hotshots.pinboard/master/2021_gp1-2021-03-07-boss_level-8_ball_highway-normal/2021_gp1-2021-03-07-boss_level-8_ball_highway-normal.png"
"2021_gp1","toshiro","sky_road","surf_city","normal","boss_level",2021-03-07,2,"Wimpy","02:10:486",11,"https://raw.githubusercontent.com/rpodcast/hotshots.pinboard/master/2021_gp1-2021-03-07-boss_level-8_ball_highway-normal/2021_gp1-2021-03-07-boss_level-8_ball_highway-normal.png"
"2021_gp1","toshiro","sky_road","surf_city","normal","boss_level",2021-03-07,3,"TwoD","02:11:658",10,"https://raw.githubusercontent.com/rpodcast/hotshots.pinboard/master/2021_gp1-2021-03-07-boss_level-8_ball_highway-normal/2021_gp1-2021-03-07-boss_level-8_ball_highway-normal.png"
"2021_gp1","toshiro","sky_road","surf_city","normal","boss_level",2021-03-07,4,"bigpod","02:13:004",9,"https://raw.githubusercontent.com/rpodcast/hotshots.pinboard/master/2021_gp1-2021-03-07-boss_level-8_ball_highway-normal/2021_gp1-2021-03-07-boss_level-8_ball_highway-normal.png"
"2021_gp1","toshiro","sky_road","surf_city","normal","boss_level",2021-03-07,5,"FrenchguyCH","02:14:689",8,"https://raw.githubusercontent.com/rpodcast/hotshots.pinboard/master/2021_gp1-2021-03-07-boss_level-8_ball_highway-normal/2021_gp1-2021-03-07-boss_level-8_ball_highway-normal.png"
"2021_gp1","toshiro","sky_road","surf_city","normal","boss_level",2021-03-07,6,"bigcalm","02:21:025",7,"https://raw.githubusercontent.com/rpodcast/hotshots.pinboard/master/2021_gp1-2021-03-07-boss_level-8_ball_highway-normal/2021_gp1-2021-03-07-boss_level-8_ball_highway-normal.png"
"2021_gp1","toshiro","sky_road","surf_city","normal","boss_level",2021-03-07,7,"madhens","DNF",0,"https://raw.githubusercontent.com/rpodcast/hotshots.pinboard/master/2021_gp1-2021-03-07-boss_level-8_ball_highway-normal/2021_gp1-2021-03-07-boss_level-8_ball_highway-normal.png"
"2021_gp1","toshiro","sky_road","8_ball_highway","normal","boss_level",2021-03-07,1,"rpodcast","01:55:074",12,"https://raw.githubusercontent.com/rpodcast/hotshots.pinboard/master/2021_gp1-2021-03-07-boss_level-8_ball_highway-normal/2021_gp1-2021-03-07-boss_level-8_ball_highway-normal.png"
"2021_gp1","toshiro","sky_road","8_ball_highway","normal","boss_level",2021-03-07,2,"bigpod","01:55:805",11,"https://raw.githubusercontent.com/rpodcast/hotshots.pinboard/master/2021_gp1-2021-03-07-boss_level-8_ball_highway-normal/2021_gp1-2021-03-07-boss_level-8_ball_highway-normal.png"
"2021_gp1","toshiro","sky_road","8_ball_highway","normal","boss_level",2021-03-07,3,"bigcalm","01:56:498",10,"https://raw.githubusercontent.com/rpodcast/hotshots.pinboard/master/2021_gp1-2021-03-07-boss_level-8_ball_highway-normal/2021_gp1-2021-03-07-boss_level-8_ball_highway-normal.png"
"2021_gp1","toshiro","sky_road","8_ball_highway","normal","boss_level",2021-03-07,4,"FrenchguyCH","01:58:827",9,"https://raw.githubusercontent.com/rpodcast/hotshots.pinboard/master/2021_gp1-2021-03-07-boss_level-8_ball_highway-normal/2021_gp1-2021-03-07-boss_level-8_ball_highway-normal.png"
"2021_gp1","toshiro","sky_road","8_ball_highway","normal","boss_level",2021-03-07,5,"Wimpy","02:00:993",8,"https://raw.githubusercontent.com/rpodcast/hotshots.pinboard/master/2021_gp1-2021-03-07-boss_level-8_ball_highway-normal/2021_gp1-2021-03-07-boss_level-8_ball_highway-normal.png"
"2021_gp1","toshiro","sky_road","8_ball_highway","normal","boss_level",2021-03-07,6,"TwoD","02:03:940",7,"https://raw.githubusercontent.com/rpodcast/hotshots.pinboard/master/2021_gp1-2021-03-07-boss_level-8_ball_highway-normal/2021_gp1-2021-03-07-boss_level-8_ball_highway-normal.png"
"2021_gp1","toshiro","sky_road","8_ball_highway","normal","boss_level",2021-03-07,7,"madhens","02:08:443",6,"https://raw.githubusercontent.com/rpodcast/hotshots.pinboard/master/2021_gp1-2021-03-07-boss_level-8_ball_highway-normal/2021_gp1-2021-03-07-boss_level-8_ball_highway-normal.png"
"2021_gp1","toshiro","sky_road","cargo_chaos","normal","boss_level",2021-03-07,1,"rpodcast","01:56:349",12,"https://raw.githubusercontent.com/rpodcast/hotshots.pinboard/master/2021_gp1-2021-03-07-boss_level-cargo_chaos-normal/2021_gp1-2021-03-07-boss_level-cargo_chaos-normal.png"
"2021_gp1","toshiro","sky_road","cargo_chaos","normal","boss_level",2021-03-07,2,"Wimpy","01:58:120",11,"https://raw.githubusercontent.com/rpodcast/hotshots.pinboard/master/2021_gp1-2021-03-07-boss_level-cargo_chaos-normal/2021_gp1-2021-03-07-boss_level-cargo_chaos-normal.png"
"2021_gp1","toshiro","sky_road","cargo_chaos","normal","boss_level",2021-03-07,3,"bigpod","01:58:281",10,"https://raw.githubusercontent.com/rpodcast/hotshots.pinboard/master/2021_gp1-2021-03-07-boss_level-cargo_chaos-normal/2021_gp1-2021-03-07-boss_level-cargo_chaos-normal.png"
"2021_gp1","toshiro","sky_road","cargo_chaos","normal","boss_level",2021-03-07,4,"FrenchguyCH","01:58:532",9,"https://raw.githubusercontent.com/rpodcast/hotshots.pinboard/master/2021_gp1-2021-03-07-boss_level-cargo_chaos-normal/2021_gp1-2021-03-07-boss_level-cargo_chaos-normal.png"
"2021_gp1","toshiro","sky_road","cargo_chaos","normal","boss_level",2021-03-07,5,"bigcalm","02:00:806",8,"https://raw.githubusercontent.com/rpodcast/hotshots.pinboard/master/2021_gp1-2021-03-07-boss_level-cargo_chaos-normal/2021_gp1-2021-03-07-boss_level-cargo_chaos-normal.png"
"2021_gp1","toshiro","sky_road","cargo_chaos","normal","boss_level",2021-03-07,6,"TwoD","02:01:025",7,"https://raw.githubusercontent.com/rpodcast/hotshots.pinboard/master/2021_gp1-2021-03-07-boss_level-cargo_chaos-normal/2021_gp1-2021-03-07-boss_level-cargo_chaos-normal.png"
"2021_gp1","toshiro","sky_road","cargo_chaos","normal","boss_level",2021-03-07,7,"madhens","02:06:764",6,"https://raw.githubusercontent.com/rpodcast/hotshots.pinboard/master/2021_gp1-2021-03-07-boss_level-cargo_chaos-normal/2021_gp1-2021-03-07-boss_level-cargo_chaos-normal.png"
"2021_gp1","toshiro","sky_road","frozen_freeway","normal","boss_level",2021-03-07,1,"rpodcast","01:51:215",12,"https://raw.githubusercontent.com/rpodcast/hotshots.pinboard/master/2021_gp1-2021-03-07-boss_level-frozen_freeway-normal/2021_gp1-2021-03-07-boss_level-frozen_freeway-normal.png"
"2021_gp1","toshiro","sky_road","frozen_freeway","normal","boss_level",2021-03-07,2,"bigpod","01:54:250",11,"https://raw.githubusercontent.com/rpodcast/hotshots.pinboard/master/2021_gp1-2021-03-07-boss_level-frozen_freeway-normal/2021_gp1-2021-03-07-boss_level-frozen_freeway-normal.png"
"2021_gp1","toshiro","sky_road","frozen_freeway","normal","boss_level",2021-03-07,3,"Wimpy","01:54:520",10,"https://raw.githubusercontent.com/rpodcast/hotshots.pinboard/master/2021_gp1-2021-03-07-boss_level-frozen_freeway-normal/2021_gp1-2021-03-07-boss_level-frozen_freeway-normal.png"
"2021_gp1","toshiro","sky_road","frozen_freeway","normal","boss_level",2021-03-07,4,"FrenchguyCH","01:58:443",9,"https://raw.githubusercontent.com/rpodcast/hotshots.pinboard/master/2021_gp1-2021-03-07-boss_level-frozen_freeway-normal/2021_gp1-2021-03-07-boss_level-frozen_freeway-normal.png"
"2021_gp1","toshiro","sky_road","frozen_freeway","normal","boss_level",2021-03-07,5,"bigcalm","01:58:542",8,"https://raw.githubusercontent.com/rpodcast/hotshots.pinboard/master/2021_gp1-2021-03-07-boss_level-frozen_freeway-normal/2021_gp1-2021-03-07-boss_level-frozen_freeway-normal.png"
"2021_gp1","toshiro","sky_road","frozen_freeway","normal","boss_level",2021-03-07,6,"TwoD","02:02:495",7,"https://raw.githubusercontent.com/rpodcast/hotshots.pinboard/master/2021_gp1-2021-03-07-boss_level-frozen_freeway-normal/2021_gp1-2021-03-07-boss_level-frozen_freeway-normal.png"
"2021_gp1","toshiro","sky_road","frozen_freeway","normal","boss_level",2021-03-07,7,"madhens","02:04:028",6,"https://raw.githubusercontent.com/rpodcast/hotshots.pinboard/master/2021_gp1-2021-03-07-boss_level-frozen_freeway-normal/2021_gp1-2021-03-07-boss_level-frozen_freeway-normal.png"
"2021_gp1","keiko","super_f-90","surf_city","mirrored","boss_level",2021-03-07,1,"TwoD","02:08:270",12,"https://raw.githubusercontent.com/rpodcast/hotshots.pinboard/master/2021_gp1-2021-03-07-boss_level-surf_city-mirrored/2021_gp1-2021-03-07-boss_level-surf_city-mirrored.png"
"2021_gp1","keiko","super_f-90","surf_city","mirrored","boss_level",2021-03-07,2,"FrenchguyCH","02:08:324",11,"https://raw.githubusercontent.com/rpodcast/hotshots.pinboard/master/2021_gp1-2021-03-07-boss_level-surf_city-mirrored/2021_gp1-2021-03-07-boss_level-surf_city-mirrored.png"
"2021_gp1","keiko","super_f-90","surf_city","mirrored","boss_level",2021-03-07,3,"bigpod","02:08:913",10,"https://raw.githubusercontent.com/rpodcast/hotshots.pinboard/master/2021_gp1-2021-03-07-boss_level-surf_city-mirrored/2021_gp1-2021-03-07-boss_level-surf_city-mirrored.png"
"2021_gp1","keiko","super_f-90","surf_city","mirrored","boss_level",2021-03-07,4,"Wimpy","02:09:070",9,"https://raw.githubusercontent.com/rpodcast/hotshots.pinboard/master/2021_gp1-2021-03-07-boss_level-surf_city-mirrored/2021_gp1-2021-03-07-boss_level-surf_city-mirrored.png"
"2021_gp1","keiko","super_f-90","surf_city","mirrored","boss_level",2021-03-07,5,"madhens","02:09:804",8,"https://raw.githubusercontent.com/rpodcast/hotshots.pinboard/master/2021_gp1-2021-03-07-boss_level-surf_city-mirrored/2021_gp1-2021-03-07-boss_level-surf_city-mirrored.png"
"2021_gp1","keiko","super_f-90","surf_city","mirrored","boss_level",2021-03-07,6,"rpodcast","02:10:776",7,"https://raw.githubusercontent.com/rpodcast/hotshots.pinboard/master/2021_gp1-2021-03-07-boss_level-surf_city-mirrored/2021_gp1-2021-03-07-boss_level-surf_city-mirrored.png"
"2021_gp1","keiko","super_f-90","surf_city","mirrored","boss_level",2021-03-07,7,"bigcalm","02:12:703",6,"https://raw.githubusercontent.com/rpodcast/hotshots.pinboard/master/2021_gp1-2021-03-07-boss_level-surf_city-mirrored/2021_gp1-2021-03-07-boss_level-surf_city-mirrored.png"
"2021_gp1","keiko","super_f-90","8_ball_highway","mirrored","boss_level",2021-03-07,1,"rpodcast","01:50:056",12,"https://raw.githubusercontent.com/rpodcast/hotshots.pinboard/master/2021_gp1-2021-03-07-boss_level-8_ball_highway-mirrored/2021_gp1-2021-03-07-boss_level-8_ball_highway-mirrored.png"
"2021_gp1","keiko","super_f-90","8_ball_highway","mirrored","boss_level",2021-03-07,2,"bigpod","01:50:879",11,"https://raw.githubusercontent.com/rpodcast/hotshots.pinboard/master/2021_gp1-2021-03-07-boss_level-8_ball_highway-mirrored/2021_gp1-2021-03-07-boss_level-8_ball_highway-mirrored.png"
"2021_gp1","keiko","super_f-90","8_ball_highway","mirrored","boss_level",2021-03-07,3,"TwoD","01:52:346",10,"https://raw.githubusercontent.com/rpodcast/hotshots.pinboard/master/2021_gp1-2021-03-07-boss_level-8_ball_highway-mirrored/2021_gp1-2021-03-07-boss_level-8_ball_highway-mirrored.png"
"2021_gp1","keiko","super_f-90","8_ball_highway","mirrored","boss_level",2021-03-07,4,"FrenchguyCH","01:52:464",9,"https://raw.githubusercontent.com/rpodcast/hotshots.pinboard/master/2021_gp1-2021-03-07-boss_level-8_ball_highway-mirrored/2021_gp1-2021-03-07-boss_level-8_ball_highway-mirrored.png"
"2021_gp1","keiko","super_f-90","8_ball_highway","mirrored","boss_level",2021-03-07,5,"Wimpy","01:53:725",8,"https://raw.githubusercontent.com/rpodcast/hotshots.pinboard/master/2021_gp1-2021-03-07-boss_level-8_ball_highway-mirrored/2021_gp1-2021-03-07-boss_level-8_ball_highway-mirrored.png"
"2021_gp1","keiko","super_f-90","8_ball_highway","mirrored","boss_level",2021-03-07,6,"bigcalm","01:55:227",7,"https://raw.githubusercontent.com/rpodcast/hotshots.pinboard/master/2021_gp1-2021-03-07-boss_level-8_ball_highway-mirrored/2021_gp1-2021-03-07-boss_level-8_ball_highway-mirrored.png"
"2021_gp1","keiko","super_f-90","8_ball_highway","mirrored","boss_level",2021-03-07,7,"madhens","01:55:464",6,"https://raw.githubusercontent.com/rpodcast/hotshots.pinboard/master/2021_gp1-2021-03-07-boss_level-8_ball_highway-mirrored/2021_gp1-2021-03-07-boss_level-8_ball_highway-mirrored.png"
"2021_gp1","keiko","super_f-90","cargo_chaos","mirrored","boss_level",2021-03-07,1,"rpodcast","01:49:303",12,"https://raw.githubusercontent.com/rpodcast/hotshots.pinboard/master/2021_gp1-2021-03-07-boss_level-cargo_chaos-mirrored/2021_gp1-2021-03-07-boss_level-cargo_chaos-mirrored.png"
"2021_gp1","keiko","super_f-90","cargo_chaos","mirrored","boss_level",2021-03-07,2,"FrenchguyCH","01:49:409",11,"https://raw.githubusercontent.com/rpodcast/hotshots.pinboard/master/2021_gp1-2021-03-07-boss_level-cargo_chaos-mirrored/2021_gp1-2021-03-07-boss_level-cargo_chaos-mirrored.png"
"2021_gp1","keiko","super_f-90","cargo_chaos","mirrored","boss_level",2021-03-07,3,"bigpod","01:50:573",10,"https://raw.githubusercontent.com/rpodcast/hotshots.pinboard/master/2021_gp1-2021-03-07-boss_level-cargo_chaos-mirrored/2021_gp1-2021-03-07-boss_level-cargo_chaos-mirrored.png"
"2021_gp1","keiko","super_f-90","cargo_chaos","mirrored","boss_level",2021-03-07,4,"bigcalm","01:53:887",9,"https://raw.githubusercontent.com/rpodcast/hotshots.pinboard/master/2021_gp1-2021-03-07-boss_level-cargo_chaos-mirrored/2021_gp1-2021-03-07-boss_level-cargo_chaos-mirrored.png"
"2021_gp1","keiko","super_f-90","cargo_chaos","mirrored","boss_level",2021-03-07,5,"Wimpy","01:54:237",8,"https://raw.githubusercontent.com/rpodcast/hotshots.pinboard/master/2021_gp1-2021-03-07-boss_level-cargo_chaos-mirrored/2021_gp1-2021-03-07-boss_level-cargo_chaos-mirrored.png"
"2021_gp1","keiko","super_f-90","cargo_chaos","mirrored","boss_level",2021-03-07,6,"TwoD","01:54:620",7,"https://raw.githubusercontent.com/rpodcast/hotshots.pinboard/master/2021_gp1-2021-03-07-boss_level-cargo_chaos-mirrored/2021_gp1-2021-03-07-boss_level-cargo_chaos-mirrored.png"
"2021_gp1","keiko","super_f-90","cargo_chaos","mirrored","boss_level",2021-03-07,7,"madhens","01:58:974",6,"https://raw.githubusercontent.com/rpodcast/hotshots.pinboard/master/2021_gp1-2021-03-07-boss_level-cargo_chaos-mirrored/2021_gp1-2021-03-07-boss_level-cargo_chaos-mirrored.png"
"2021_gp1","keiko","super_f-90","frozen_freeway","mirrored","boss_level",2021-03-07,1,"rpodcast","01:47:399",12,"https://raw.githubusercontent.com/rpodcast/hotshots.pinboard/master/2021_gp1-2021-03-07-boss_level-frozen_freeway-mirrored/2021_gp1-2021-03-07-boss_level-frozen_freeway-mirrored.png"
"2021_gp1","keiko","super_f-90","frozen_freeway","mirrored","boss_level",2021-03-07,2,"bigcalm","01:48:387",11,"https://raw.githubusercontent.com/rpodcast/hotshots.pinboard/master/2021_gp1-2021-03-07-boss_level-frozen_freeway-mirrored/2021_gp1-2021-03-07-boss_level-frozen_freeway-mirrored.png"
"2021_gp1","keiko","super_f-90","frozen_freeway","mirrored","boss_level",2021-03-07,3,"bigpod","01:52:187",10,"https://raw.githubusercontent.com/rpodcast/hotshots.pinboard/master/2021_gp1-2021-03-07-boss_level-frozen_freeway-mirrored/2021_gp1-2021-03-07-boss_level-frozen_freeway-mirrored.png"
"2021_gp1","keiko","super_f-90","frozen_freeway","mirrored","boss_level",2021-03-07,4,"TwoD","01:53:210",9,"https://raw.githubusercontent.com/rpodcast/hotshots.pinboard/master/2021_gp1-2021-03-07-boss_level-frozen_freeway-mirrored/2021_gp1-2021-03-07-boss_level-frozen_freeway-mirrored.png"
"2021_gp1","keiko","super_f-90","frozen_freeway","mirrored","boss_level",2021-03-07,5,"FrenchguyCH","01:53:528",8,"https://raw.githubusercontent.com/rpodcast/hotshots.pinboard/master/2021_gp1-2021-03-07-boss_level-frozen_freeway-mirrored/2021_gp1-2021-03-07-boss_level-frozen_freeway-mirrored.png"
"2021_gp1","keiko","super_f-90","frozen_freeway","mirrored","boss_level",2021-03-07,6,"madhens","01:59:090",7,"https://raw.githubusercontent.com/rpodcast/hotshots.pinboard/master/2021_gp1-2021-03-07-boss_level-frozen_freeway-mirrored/2021_gp1-2021-03-07-boss_level-frozen_freeway-mirrored.png"
"2021_gp1","keiko","super_f-90","frozen_freeway","mirrored","boss_level",2021-03-07,7,"Wimpy","01:59:451",6,"https://raw.githubusercontent.com/rpodcast/hotshots.pinboard/master/2021_gp1-2021-03-07-boss_level-frozen_freeway-mirrored/2021_gp1-2021-03-07-boss_level-frozen_freeway-mirrored.png"
